Timestamp,num_ues,IMSI,RNTI,,slicing_enabled,slice_id,slice_prb,power_multiplier,scheduling_policy,,dl_mcs,dl_n_samples,dl_buffer [bytes],tx_brate downlink [Mbps],tx_pkts downlink,tx_errors downlink (%),dl_cqi,,ul_mcs,ul_n_samples,ul_buffer [bytes],rx_brate uplink [Mbps],rx_pkts uplink,rx_errors uplink (%),ul_rssi,ul_sinr,phr,,sum_requested_prbs,sum_granted_prbs,,dl_pmi,dl_ri,ul_n,ul_turbo_iters
1702654423184,1,1010123456002,70,,1,0,50,1,1,,2.70588,17,0,0.003936,5,0,8.5,,12.2857,21,0,0.1,6,0,0,35.6456,31,,1,18,,0,0,0,1
1702654423434,1,1010123456002,70,,1,0,50,1,1,,2.75,16,0,0.005472,5,0,8.5,,12.4286,28,0,0.1,8,0,0,35.1922,31,,0,18,,0,0,0,1
1702654423684,1,1010123456002,70,,1,0,50,1,1,,9,4,0,0.001824,1,0,8.28571,,12,7,0,0.1,2,0,0,36.4963,31,,0,3,,0,0,0,1
1702654423934,1,1010123456002,70,,1,0,50,1,1,,0,0,0,0,0,0,8,,0,0,0,0,0,0,0,0,0,,0,0,,0,0,0,0
1702654424184,1,1010123456002,70,,1,0,50,1,1,,0,0,0,0,0,0,8.5,,0,0,0,0,0,0,0,0,0,,0,0,,0,0,0,0
1702654424434,1,1010123456002,70,,1,0,50,1,1,,0,0,0,0,0,0,8,,0,0,0,0,0,0,0,0,0,,0,0,,0,0,0,0
1702654424684,1,1010123456002,70,,1,0,50,1,1,,0,0,0,0,0,0,8.14286,,0,0,0,0,0,0,0,0,0,,0,0,,0,0,0,0
1702654424934,1,1010123456002,70,,1,0,50,1,1,,0,0,0,0,0,0,8.33333,,0,0,0,0,0,0,0,0,0,,0,0,,0,0,0,0
1702654425184,1,1010123456002,70,,1,0,50,1,1,,0,0,0,0,0,0,8.16667,,15,4,0,0.1,1,0,0,34.2123,31,,0,0,,0,0,0,1
1702654425434,1,1010123456002,70,,1,0,50,1,1,,0,0,0,0,0,0,8.33333,,0,0,0,0,0,0,0,0,0,,0,0,,0,0,0,0
1702654425684,1,1010123456002,70,,1,0,50,1,1,,0,0,0,0,0,0,8.14286,,0,0,0,0,0,0,0,0,0,,0,0,,0,0,0,0
1702654425934,1,1010123456002,70,,1,0,50,1,1,,0,0,0,0,0,0,8.5,,0,0,0,0,0,0,0,0,0,,0,0,,0,0,0,0
1702654426184,1,1010123456002,70,,1,0,50,1,1,,0,0,0,0,0,0,8.16667,,0,0,0,0,0,0,0,0,0,,0,0,,0,0,0,0
1702654426434,1,1010123456002,70,,1,0,50,1,1,,0,0,0,0,0,0,8,,0,0,0,0,0,0,0,0,0,,0,0,,0,0,0,0
1702654426684,1,1010123456002,70,,1,0,50,1,1,,0,0,0,0,0,0,8.42857,,0,0,0,0,0,0,0,0,0,,0,0,,0,0,0,0
1702654426934,1,1010123456002,70,,1,0,50,1,1,,0,0,0,0,0,0,8,,0,0,0,0,0,0,0,0,0,,0,0,,0,0,0,0
1702654427184,1,1010123456002,70,,1,0,50,1,1,,0,0,0,0,0,0,8,,0,0,0,0,0,0,0,0,0,,0,0,,0,0,0,0
1702654427434,1,1010123456002,70,,1,0,50,1,1,,0,0,0,0,0,0,8.66667,,0,0,0,0,0,0,0,0,0,,0,0,,0,0,0,0
1702654427684,1,1010123456002,70,,1,0,50,1,1,,0,0,0,0,0,0,8.28571,,0,0,0,0,0,0,0,0,0,,0,0,,0,0,0,0
1702654427934,1,1010123456002,70,,1,0,50,1,1,,0,0,0,0,0,0,8.16667,,0,0,0,0,0,0,0,0,0,,0,0,,0,0,0,0
1702654428184,1,1010123456002,70,,1,0,50,1,1,,0,0,0,0,0,0,8.33333,,0,0,0,0,0,0,0,0,0,,0,0,,0,0,0,0
1702654428434,1,1010123456002,70,,1,0,50,1,1,,0,0,0,0,0,0,8.33333,,0,0,0,0,0,0,0,0,0,,0,0,,0,0,0,0
1702654428684,1,1010123456002,70,,1,0,50,1,1,,0,0,0,0,0,0,8.42857,,0,0,0,0,0,0,0,0,0,,0,0,,0,0,0,0
1702654428934,1,1010123456002,70,,1,0,50,1,1,,0,0,0,0,0,0,8.5,,0,0,0,0,0,0,0,0,0,,0,0,,0,0,0,0
1702654429184,1,1010123456002,70,,1,0,50,1,1,,0,0,0,0,0,0,8,,0,0,0,0,0,0,0,0,0,,0,0,,0,0,0,0
1702654429434,1,1010123456002,70,,1,0,50,1,1,,0,0,0,0,0,0,8.5,,0,0,0,0,0,0,0,0,0,,0,0,,0,0,0,0
1702654429684,1,1010123456002,70,,1,0,50,1,1,,0,0,0,0,0,0,8.57143,,0,0,0,0,0,0,0,0,0,,0,0,,0,0,0,0
1702654429934,1,1010123456002,70,,1,0,50,1,1,,0,0,0,0,0,0,8.16667,,0,0,0,0,0,0,0,0,0,,0,0,,0,0,0,0
1702654430184,1,1010123456002,70,,1,0,50,1,1,,0,0,0,0,0,0,8.5,,0,0,0,0,0,0,0,0,0,,0,0,,0,0,0,0
1702654430434,1,1010123456002,70,,1,0,50,1,1,,0,0,0,0,0,0,8,,0,0,0,0,0,0,0,0,0,,0,0,,0,0,0,0
1702654430684,1,1010123456002,70,,1,0,50,1,1,,0,0,0,0,0,0,8.14286,,0,0,0,0,0,0,0,0,0,,0,0,,0,0,0,0
1702654430934,1,1010123456002,70,,1,0,50,1,1,,0,0,0,0,0,0,8.33333,,0,0,0,0,0,0,0,0,0,,0,0,,0,0,0,0
1702654431184,1,1010123456002,70,,1,0,50,1,1,,0,0,0,0,0,0,8,,0,0,0,0,0,0,0,0,0,,0,0,,0,0,0,0
1702654431434,1,1010123456002,70,,1,0,50,1,1,,0,0,0,0,0,0,8.5,,0,0,0,0,0,0,0,0,0,,0,0,,0,0,0,0
1702654431684,1,1010123456002,70,,1,0,50,1,1,,0,0,0,0,0,0,8.28571,,0,0,0,0,0,0,0,0,0,,0,0,,0,0,0,0
1702654431934,1,1010123456002,70,,1,0,50,1,1,,0,0,0,0,0,0,8.16667,,0,0,0,0,0,0,0,0,0,,0,0,,0,0,0,0
1702654432184,1,1010123456002,70,,1,0,50,1,1,,0,0,0,0,0,0,8.5,,0,0,0,0,0,0,0,0,0,,0,0,,0,0,0,0
1702654432434,1,1010123456002,70,,1,0,50,1,1,,0,0,0,0,0,0,8.33333,,0,0,0,0,0,0,0,0,0,,0,0,,0,0,0,0
1702654432684,1,1010123456002,70,,1,0,50,1,1,,0,0,0,0,0,0,8.42857,,0,0,0,0,0,0,0,0,0,,0,0,,0,0,0,0
1702654432934,1,1010123456002,70,,1,0,50,1,1,,0,0,0,0,0,0,8.16667,,0,0,0,0,0,0,0,0,0,,0,0,,0,0,0,0
1702654433184,1,1010123456002,70,,1,0,50,1,1,,0,0,0,0,0,0,8.5,,0,0,0,0,0,0,0,0,0,,0,0,,0,0,0,0
1702654433434,1,1010123456002,70,,1,0,50,1,1,,0,0,0,0,0,0,8.66667,,0,0,0,0,0,0,0,0,0,,0,0,,0,0,0,0
1702654433684,1,1010123456002,70,,1,0,50,1,1,,0,0,0,0,0,0,8.28571,,0,0,0,0,0,0,0,0,0,,0,0,,0,0,0,0
1702654433934,1,1010123456002,70,,1,0,50,1,1,,0,0,0,0,0,0,8.16667,,0,0,0,0,0,0,0,0,0,,0,0,,0,0,0,0
1702654434184,1,1010123456002,70,,1,0,50,1,1,,0,0,0,0,0,0,8.83333,,0,0,0,0,0,0,0,0,0,,0,0,,0,0,0,0
1702654434434,1,1010123456002,70,,1,0,50,1,1,,0,0,0,0,0,0,8,,0,0,0,0,0,0,0,0,0,,0,0,,0,0,0,0
1702654434684,1,1010123456002,70,,1,0,50,1,1,,0,0,0,0,0,0,8.14286,,0,0,0,0,0,0,0,0,0,,0,0,,0,0,0,0
1702654434934,1,1010123456002,70,,1,0,50,1,1,,0,0,0,0,0,0,8.5,,0,0,0,0,0,0,0,0,0,,0,0,,0,0,0,0
1702654435184,1,1010123456002,70,,1,0,50,1,1,,0,0,0,0,0,0,8.16667,,0,0,0,0,0,0,0,0,0,,0,0,,0,0,0,0
1702654435434,1,1010123456002,70,,1,0,50,1,1,,0,0,0,0,0,0,8.16667,,0,0,0,0,0,0,0,0,0,,0,0,,0,0,0,0
1702654435684,1,1010123456002,70,,1,0,50,1,1,,0,0,0,0,0,0,8.14286,,0,0,0,0,0,0,0,0,0,,0,0,,0,0,0,0
1702654435934,1,1010123456002,70,,1,0,50,1,1,,0,0,0,0,0,0,8.33333,,0,0,0,0,0,0,0,0,0,,0,0,,0,0,0,0
1702654436184,1,1010123456002,70,,1,0,50,1,1,,0,0,0,0,0,0,8.5,,0,0,0,0,0,0,0,0,0,,0,0,,0,0,0,0
1702654436434,1,1010123456002,70,,1,0,50,1,1,,0,0,0,0,0,0,8.16667,,0,0,0,0,0,0,0,0,0,,0,0,,0,0,0,0
1702654436684,1,1010123456002,70,,1,0,50,1,1,,0,0,0,0,0,0,8.14286,,0,0,0,0,0,0,0,0,0,,0,0,,0,0,0,0
1702654436934,1,1010123456002,70,,1,0,50,1,1,,0,0,0,0,0,0,8.5,,0,0,0,0,0,0,0,0,0,,0,0,,0,0,0,0
1702654437184,1,1010123456002,70,,1,0,50,1,1,,0,0,0,0,0,0,8.33333,,0,0,0,0,0,0,0,0,0,,0,0,,0,0,0,0
1702654437434,1,1010123456002,70,,1,0,50,1,1,,0,0,0,0,0,0,8.16667,,0,0,0,0,0,0,0,0,0,,0,0,,0,0,0,0
1702654437684,1,1010123456002,70,,1,0,50,1,1,,0,0,0,0,0,0,8.42857,,0,0,0,0,0,0,0,0,0,,0,0,,0,0,0,0
1702654437934,1,1010123456002,70,,1,0,50,1,1,,0,0,0,0,0,0,8.16667,,0,0,0,0,0,0,0,0,0,,0,0,,0,0,0,0
1702654438184,1,1010123456002,70,,1,0,50,1,1,,0,0,0,0,0,0,8.66667,,0,0,0,0,0,0,0,0,0,,0,0,,0,0,0,0
1702654438434,1,1010123456002,70,,1,0,50,1,1,,0,0,0,0,0,0,8.16667,,0,0,0,0,0,0,0,0,0,,0,0,,0,0,0,0
1702654438684,1,1010123456002,70,,1,0,50,1,1,,0,0,0,0,0,0,8.57143,,0,0,0,0,0,0,0,0,0,,0,0,,0,0,0,0
1702654438934,1,1010123456002,70,,1,0,50,1,1,,0,0,0,0,0,0,8.16667,,0,0,0,0,0,0,0,0,0,,0,0,,0,0,0,0
1702654439184,1,1010123456002,70,,1,0,50,1,1,,0,0,0,0,0,0,8.16667,,0,0,0,0,0,0,0,0,0,,0,0,,0,0,0,0
1702654439434,1,1010123456002,70,,1,0,50,1,1,,0,0,0,0,0,0,8.5,,0,0,0,0,0,0,0,0,0,,0,0,,0,0,0,0
1702654439684,1,1010123456002,70,,1,0,50,1,1,,0,0,0,0,0,0,8.42857,,0,0,0,0,0,0,0,0,0,,0,0,,0,0,0,0
1702654439934,1,1010123456002,70,,1,0,50,1,1,,0,0,0,0,0,0,8.16667,,0,0,0,0,0,0,0,0,0,,0,0,,0,0,0,0
1702654440184,1,1010123456002,70,,1,0,50,1,1,,0,0,0,0,0,0,8.33333,,0,0,0,0,0,0,0,0,0,,0,0,,0,0,0,0
1702654440434,1,1010123456002,70,,1,0,50,1,1,,0,0,0,0,0,0,8.5,,0,0,0,0,0,0,0,0,0,,0,0,,0,0,0,0
1702654440684,1,1010123456002,70,,1,0,50,1,1,,0,0,0,0,0,0,8.14286,,0,0,0,0,0,0,0,0,0,,0,0,,0,0,0,0
1702654440934,1,1010123456002,70,,1,0,50,1,1,,0,0,0,0,0,0,8.5,,0,0,0,0,0,0,0,0,0,,0,0,,0,0,0,0
1702654441184,1,1010123456002,70,,1,0,50,1,1,,0,0,0,0,0,0,8.16667,,0,0,0,0,0,0,0,0,0,,0,0,,0,0,0,0
1702654441434,1,1010123456002,70,,1,0,50,1,1,,0,0,0,0,0,0,8,,0,0,0,0,0,0,0,0,0,,0,0,,0,0,0,0
1702654441684,1,1010123456002,70,,1,0,50,1,1,,0,0,0,0,0,0,8.28571,,0,0,0,0,0,0,0,0,0,,0,0,,0,0,0,0
1702654441934,1,1010123456002,70,,1,0,50,1,1,,0,0,0,0,0,0,8.16667,,0,0,0,0,0,0,0,0,0,,0,0,,0,0,0,0
1702654442184,1,1010123456002,70,,1,0,50,1,1,,0,0,0,0,0,0,8.16667,,0,0,0,0,0,0,0,0,0,,0,0,,0,0,0,0
1702654442434,1,1010123456002,70,,1,0,50,1,1,,0,0,0,0,0,0,8.5,,0,0,0,0,0,0,0,0,0,,0,0,,0,0,0,0
1702654442684,1,1010123456002,70,,1,0,50,1,1,,0,0,0,0,0,0,8.28571,,0,0,0,0,0,0,0,0,0,,0,0,,0,0,0,0
1702654442934,1,1010123456002,70,,1,0,50,1,1,,0,0,0,0,0,0,8.33333,,0,0,0,0,0,0,0,0,0,,0,0,,0,0,0,0
1702654443184,1,1010123456002,70,,1,0,50,1,1,,0,0,0,0,0,0,8.5,,0,0,0,0,0,0,0,0,0,,0,0,,0,0,0,0
1702654443434,1,1010123456002,70,,1,0,50,1,1,,0,0,0,0,0,0,8.33333,,0,0,0,0,0,0,0,0,0,,0,0,,0,0,0,0
1702654443684,1,1010123456002,70,,1,0,50,1,1,,0,0,0,0,0,0,8.42857,,0,0,0,0,0,0,0,0,0,,0,0,,0,0,0,0
1702654443934,1,1010123456002,70,,1,0,50,1,1,,0,0,0,0,0,0,8.16667,,0,0,0,0,0,0,0,0,0,,0,0,,0,0,0,0
1702654444184,1,1010123456002,70,,1,0,50,1,1,,0,0,0,0,0,0,8.33333,,0,0,0,0,0,0,0,0,0,,0,0,,0,0,0,0
1702654444434,1,1010123456002,70,,1,0,50,1,1,,0,0,0,0,0,0,8.5,,0,0,0,0,0,0,0,0,0,,0,0,,0,0,0,0
1702654444684,1,1010123456002,70,,1,0,50,1,1,,0,0,0,0,0,0,8.14286,,0,0,0,0,0,0,0,0,0,,0,0,,0,0,0,0
1702654444934,1,1010123456002,70,,1,0,50,1,1,,0,0,0,0,0,0,8.66667,,0,0,0,0,0,0,0,0,0,,0,0,,0,0,0,0
1702654445184,1,1010123456002,70,,1,0,50,1,1,,0,0,0,0,0,0,8,,0,0,0,0,0,0,0,0,0,,0,0,,0,0,0,0
1702654445434,1,1010123456002,70,,1,0,50,1,1,,0,0,0,0,0,0,8.5,,0,0,0,0,0,0,0,0,0,,0,0,,0,0,0,0
1702654445684,1,1010123456002,70,,1,0,50,1,1,,0,0,0,0,0,0,8.42857,,0,0,0,0,0,0,0,0,0,,0,0,,0,0,0,0
1702654445934,1,1010123456002,70,,1,0,50,1,1,,0,0,0,0,0,0,8.33333,,0,0,0,0,0,0,0,0,0,,0,0,,0,0,0,0
1702654446184,1,1010123456002,70,,1,0,50,1,1,,0,0,0,0,0,0,8.5,,0,0,0,0,0,0,0,0,0,,0,0,,0,0,0,0
1702654446434,1,1010123456002,70,,1,0,50,1,1,,0,0,0,0,0,0,8,,0,0,0,0,0,0,0,0,0,,0,0,,0,0,0,0
1702654446684,1,1010123456002,70,,1,0,50,1,1,,0,0,0,0,0,0,8.57143,,0,0,0,0,0,0,0,0,0,,0,0,,0,0,0,0
1702654446934,1,1010123456002,70,,1,0,50,1,1,,0,3,0,0.001824,1,0,8.16667,,12.8571,7,0,0.1,2,0,0,35.4921,31,,0,3,,0,0,0,1
1702654447184,1,1010123456002,70,,1,0,50,1,1,,0,0,0,0,0,0,8.16667,,0,0,0,0,0,0,0,0,0,,0,0,,0,0,0,0
1702654447434,1,1010123456002,70,,1,0,50,1,1,,0,0,0,0,0,0,8.33333,,0,0,0,0,0,0,0,0,0,,0,0,,0,0,0,0
1702654447684,1,1010123456002,70,,1,0,50,1,1,,0,0,0,0,0,0,8.57143,,0,0,0,0,0,0,0,0,0,,0,0,,0,0,0,0
1702654447934,1,1010123456002,70,,1,0,50,1,1,,0,0,0,0,0,0,8.5,,0,0,0,0,0,0,0,0,0,,0,0,,0,0,0,0
1702654448184,1,1010123456002,70,,1,0,50,1,1,,0,0,0,0,0,0,8.66667,,0,0,0,0,0,0,0,0,0,,0,0,,0,0,0,0
1702654448434,1,1010123456002,70,,1,0,50,1,1,,0,0,0,0,0,0,8.33333,,0,0,0,0,0,0,0,0,0,,0,0,,0,0,0,0
1702654448684,1,1010123456002,70,,1,0,50,1,1,,0,0,0,0,0,0,8.42857,,0,0,0,0,0,0,0,0,0,,0,0,,0,0,0,0
1702654448934,1,1010123456002,70,,1,0,50,1,1,,0,0,0,0,0,0,8.16667,,0,0,0,0,0,0,0,0,0,,0,0,,0,0,0,0
1702654449184,1,1010123456002,70,,1,0,50,1,1,,0,0,0,0,0,0,8,,0,0,0,0,0,0,0,0,0,,0,0,,0,0,0,0
1702654449434,1,1010123456002,70,,1,0,50,1,1,,0,0,0,0,0,0,8.33333,,0,0,0,0,0,0,0,0,0,,0,0,,0,0,0,0
1702654449684,1,1010123456002,70,,1,0,50,1,1,,0,0,0,0,0,0,8.14286,,0,0,0,0,0,0,0,0,0,,0,0,,0,0,0,0
1702654449934,1,1010123456002,70,,1,0,50,1,1,,0,0,0,0,0,0,8.16667,,0,0,0,0,0,0,0,0,0,,0,0,,0,0,0,0
1702654450184,1,1010123456002,70,,1,0,50,1,1,,0,0,0,0,0,0,8.33333,,0,0,0,0,0,0,0,0,0,,0,0,,0,0,0,0
1702654450434,1,1010123456002,70,,1,0,50,1,1,,0,0,0,0,0,0,8,,0,0,0,0,0,0,0,0,0,,0,0,,0,0,0,0
1702654450684,1,1010123456002,70,,1,0,50,1,1,,0,0,0,0,0,0,8.14286,,0,0,0,0,0,0,0,0,0,,0,0,,0,0,0,0
1702654450934,1,1010123456002,70,,1,0,50,1,1,,0,0,0,0,0,0,8.16667,,0,0,0,0,0,0,0,0,0,,0,0,,0,0,0,0
1702654451184,1,1010123456002,70,,1,0,50,1,1,,0,0,0,0,0,0,8.33333,,0,0,0,0,0,0,0,0,0,,0,0,,0,0,0,0
1702654451434,1,1010123456002,70,,1,0,50,1,1,,0,0,0,0,0,0,8,,0,0,0,0,0,0,0,0,0,,0,0,,0,0,0,0
1702654451684,1,1010123456002,70,,1,0,50,1,1,,0,0,0,0,0,0,8.28571,,0,0,0,0,0,0,0,0,0,,0,0,,0,0,0,0
1702654451934,1,1010123456002,70,,1,0,50,1,1,,0,0,0,0,0,0,8.5,,0,0,0,0,0,0,0,0,0,,0,0,,0,0,0,0
1702654452184,1,1010123456002,70,,1,0,50,1,1,,0,0,0,0,0,0,8,,0,0,0,0,0,0,0,0,0,,0,0,,0,0,0,0
1702654452434,1,1010123456002,70,,1,0,50,1,1,,0,0,0,0,0,0,8.16667,,0,0,0,0,0,0,0,0,0,,0,0,,0,0,0,0
1702654452684,1,1010123456002,70,,1,0,50,1,1,,0,0,0,0,0,0,8.14286,,0,0,0,0,0,0,0,0,0,,0,0,,0,0,0,0
1702654452934,1,1010123456002,70,,1,0,50,1,1,,0,0,0,0,0,0,8.5,,0,0,0,0,0,0,0,0,0,,0,0,,0,0,0,0
1702654453184,1,1010123456002,70,,1,0,50,1,1,,0,0,0,0,0,0,8.33333,,0,0,0,0,0,0,0,0,0,,0,0,,0,0,0,0
1702654453434,1,1010123456002,70,,1,0,50,1,1,,0,0,0,0,0,0,8.66667,,0,0,0,0,0,0,0,0,0,,0,0,,0,0,0,0
1702654453684,1,1010123456002,70,,1,0,50,1,1,,0,0,0,0,0,0,8.14286,,0,0,0,0,0,0,0,0,0,,0,0,,0,0,0,0
1702654453934,1,1010123456002,70,,1,0,50,1,1,,0,0,0,0,0,0,8.33333,,0,0,0,0,0,0,0,0,0,,0,0,,0,0,0,0
1702654454184,1,1010123456002,70,,1,0,50,1,1,,0,0,0,0,0,0,8,,0,0,0,0,0,0,0,0,0,,0,0,,0,0,0,0
1702654454434,1,1010123456002,70,,1,0,50,1,1,,0,0,0,0,0,0,8.16667,,0,0,0,0,0,0,0,0,0,,0,0,,0,0,0,0
1702654454684,1,1010123456002,70,,1,0,50,1,1,,0,0,0,0,0,0,8.28571,,0,0,0,0,0,0,0,0,0,,0,0,,0,0,0,0
1702654454934,1,1010123456002,70,,1,0,50,1,1,,0,0,0,0,0,0,8,,0,0,0,0,0,0,0,0,0,,0,0,,0,0,0,0
1702654455184,1,1010123456002,70,,1,0,50,1,1,,0,0,0,0,0,0,8.5,,0,0,0,0,0,0,0,0,0,,0,0,,0,0,0,0
1702654455434,1,1010123456002,70,,1,0,50,1,1,,0,0,0,0,0,0,8.33333,,0,0,0,0,0,0,0,0,0,,0,0,,0,0,0,0
1702654455684,1,1010123456002,70,,1,0,50,1,1,,0,0,0,0,0,0,8,,0,0,0,0,0,0,0,0,0,,0,0,,0,0,0,0
1702654455934,1,1010123456002,70,,1,0,50,1,1,,0,0,0,0,0,0,8.33333,,0,0,0,0,0,0,0,0,0,,0,0,,0,0,0,0
1702654456184,1,1010123456002,70,,1,0,50,1,1,,0,0,0,0,0,0,8.33333,,0,0,0,0,0,0,0,0,0,,0,0,,0,0,0,0
1702654456434,1,1010123456002,70,,1,0,50,1,1,,0,0,0,0,0,0,8.66667,,0,0,0,0,0,0,0,0,0,,0,0,,0,0,0,0
1702654456684,1,1010123456002,70,,1,0,50,1,1,,0,0,0,0,0,0,8.42857,,0,0,0,0,0,0,0,0,0,,0,0,,0,0,0,0
1702654456934,1,1010123456002,70,,1,0,50,1,1,,0,0,0,0,0,0,8.33333,,0,0,0,0,0,0,0,0,0,,0,0,,0,0,0,0
1702654457184,1,1010123456002,70,,1,0,50,1,1,,0,0,0,0,0,0,8.5,,0,0,0,0,0,0,0,0,0,,0,0,,0,0,0,0
1702654457434,1,1010123456002,70,,1,0,50,1,1,,0,0,0,0,0,0,8.33333,,0,0,0,0,0,0,0,0,0,,0,0,,0,0,0,0
1702654457684,1,1010123456002,70,,1,0,50,1,1,,0,0,0,0,0,0,8.14286,,0,0,0,0,0,0,0,0,0,,0,0,,0,0,0,0
1702654457934,1,1010123456002,70,,1,0,50,1,1,,0,0,0,0,0,0,8.16667,,0,0,0,0,0,0,0,0,0,,0,0,,0,0,0,0
1702654458184,1,1010123456002,70,,1,0,50,1,1,,0,0,0,0,0,0,8.16667,,0,0,0,0,0,0,0,0,0,,0,0,,0,0,0,0
1702654458434,1,1010123456002,70,,1,0,50,1,1,,0,0,0,0,0,0,8.5,,0,0,0,0,0,0,0,0,0,,0,0,,0,0,0,0
1702654458684,1,1010123456002,70,,1,0,50,1,1,,0,0,0,0,0,0,8.28571,,0,0,0,0,0,0,0,0,0,,0,0,,0,0,0,0
1702654458934,1,1010123456002,70,,1,0,50,1,1,,0,0,0,0,0,0,8.5,,0,0,0,0,0,0,0,0,0,,0,0,,0,0,0,0
1702654459184,1,1010123456002,70,,1,0,50,1,1,,0,0,0,0,0,0,8.33333,,0,0,0,0,0,0,0,0,0,,0,0,,0,0,0,0
1702654459434,1,1010123456002,70,,1,0,50,1,1,,0,0,0,0,0,0,8.5,,0,0,0,0,0,0,0,0,0,,0,0,,0,0,0,0
1702654459684,1,1010123456002,70,,1,0,50,1,1,,0,0,0,0,0,0,8.14286,,0,0,0,0,0,0,0,0,0,,0,0,,0,0,0,0
1702654459934,1,1010123456002,70,,1,0,50,1,1,,0,0,0,0,0,0,8.5,,0,0,0,0,0,0,0,0,0,,0,0,,0,0,0,0
1702654460184,1,1010123456002,70,,1,0,50,1,1,,0,0,0,0,0,0,8.5,,0,0,0,0,0,0,0,0,0,,0,0,,0,0,0,0
1702654460434,1,1010123456002,70,,1,0,50,1,1,,0,0,0,0,0,0,8.33333,,0,0,0,0,0,0,0,0,0,,0,0,,0,0,0,0
1702654460684,1,1010123456002,70,,1,0,50,1,1,,0,0,0,0,0,0,8.28571,,0,0,0,0,0,0,0,0,0,,0,0,,0,0,0,0
1702654460934,1,1010123456002,70,,1,0,50,1,1,,0,0,0,0,0,0,8.5,,0,0,0,0,0,0,0,0,0,,0,0,,0,0,0,0
1702654461184,1,1010123456002,70,,1,0,50,1,1,,0,0,0,0,0,0,8.33333,,0,0,0,0,0,0,0,0,0,,0,0,,0,0,0,0
1702654461434,1,1010123456002,70,,1,0,50,1,1,,0,0,0,0,0,0,8.5,,0,0,0,0,0,0,0,0,0,,0,0,,0,0,0,0
1702654461684,1,1010123456002,70,,1,0,50,1,1,,0,0,0,0,0,0,8,,0,0,0,0,0,0,0,0,0,,0,0,,0,0,0,0
1702654461934,1,1010123456002,70,,1,0,50,1,1,,0,0,0,0,0,0,8.5,,0,0,0,0,0,0,0,0,0,,0,0,,0,0,0,0
1702654462184,1,1010123456002,70,,1,0,50,1,1,,0,0,0,0,0,0,8.5,,0,0,0,0,0,0,0,0,0,,0,0,,0,0,0,0
1702654462434,1,1010123456002,70,,1,0,50,1,1,,0,0,0,0,0,0,8.5,,0,0,0,0,0,0,0,0,0,,0,0,,0,0,0,0
1702654462684,1,1010123456002,70,,1,0,50,1,1,,0,0,0,0,0,0,8.14286,,0,0,0,0,0,0,0,0,0,,0,0,,0,0,0,0
1702654462934,1,1010123456002,70,,1,0,50,1,1,,0,0,0,0,0,0,8.33333,,0,0,0,0,0,0,0,0,0,,0,0,,0,0,0,0
1702654463184,1,1010123456002,70,,1,0,50,1,1,,0,0,0,0,0,0,8.16667,,0,0,0,0,0,0,0,0,0,,0,0,,0,0,0,0
1702654463434,1,1010123456002,70,,1,0,50,1,1,,0,0,0,0,0,0,8.33333,,0,0,0,0,0,0,0,0,0,,0,0,,0,0,0,0
1702654463684,1,1010123456002,70,,1,0,50,1,1,,0,0,0,0,0,0,8.14286,,0,0,0,0,0,0,0,0,0,,0,0,,0,0,0,0
1702654463934,1,1010123456002,70,,1,0,50,1,1,,0,0,0,0,0,0,8.16667,,0,0,0,0,0,0,0,0,0,,0,0,,0,0,0,0
1702654464184,1,1010123456002,70,,1,0,50,1,1,,0,0,0,0,0,0,8.16667,,0,0,0,0,0,0,0,0,0,,0,0,,0,0,0,0
1702654464434,1,1010123456002,70,,1,0,50,1,1,,0,0,0,0,0,0,8.33333,,0,0,0,0,0,0,0,0,0,,0,0,,0,0,0,0
1702654464684,1,1010123456002,70,,1,0,50,1,1,,0,0,0,0,0,0,8.42857,,0,0,0,0,0,0,0,0,0,,0,0,,0,0,0,0
1702654464934,1,1010123456002,70,,1,0,50,1,1,,0,0,0,0,0,0,8.16667,,0,0,0,0,0,0,0,0,0,,0,0,,0,0,0,0
1702654465184,1,1010123456002,70,,1,0,50,1,1,,0,0,0,0,0,0,8,,0,0,0,0,0,0,0,0,0,,0,0,,0,0,0,0
1702654465434,1,1010123456002,70,,1,0,50,1,1,,0,0,0,0,0,0,8.33333,,0,0,0,0,0,0,0,0,0,,0,0,,0,0,0,0
1702654465684,1,1010123456002,70,,1,0,50,1,1,,0,0,0,0,0,0,8,,0,0,0,0,0,0,0,0,0,,0,0,,0,0,0,0
1702654465934,1,1010123456002,70,,1,0,50,1,1,,0,0,0,0,0,0,8,,0,0,0,0,0,0,0,0,0,,0,0,,0,0,0,0
1702654466184,1,1010123456002,70,,1,0,50,1,1,,0,0,0,0,0,0,8.5,,0,0,0,0,0,0,0,0,0,,0,0,,0,0,0,0
1702654466434,1,1010123456002,70,,1,0,50,1,1,,0,0,0,0,0,0,8.16667,,0,0,0,0,0,0,0,0,0,,0,0,,0,0,0,0
1702654466684,1,1010123456002,70,,1,0,50,1,1,,0,0,0,0,0,0,8.42857,,0,0,0,0,0,0,0,0,0,,0,0,,0,0,0,0
1702654466934,1,1010123456002,70,,1,0,50,1,1,,0,0,0,0,0,0,8.66667,,0,0,0,0,0,0,0,0,0,,0,0,,0,0,0,0
1702654467184,1,1010123456002,70,,1,0,50,1,1,,0,0,0,0,0,0,8.16667,,0,0,0,0,0,0,0,0,0,,0,0,,0,0,0,0
1702654467434,1,1010123456002,70,,1,0,50,1,1,,0,0,0,0,0,0,8.33333,,0,0,0,0,0,0,0,0,0,,0,0,,0,0,0,0
1702654467684,1,1010123456002,70,,1,0,50,1,1,,0,0,0,0,0,0,8,,0,0,0,0,0,0,0,0,0,,0,0,,0,0,0,0
1702654467934,1,1010123456002,70,,1,0,50,1,1,,0,0,0,0,0,0,8.33333,,0,0,0,0,0,0,0,0,0,,0,0,,0,0,0,0
1702654468184,1,1010123456002,70,,1,0,50,1,1,,0,0,0,0,0,0,8.5,,0,0,0,0,0,0,0,0,0,,0,0,,0,0,0,0
1702654468434,1,1010123456002,70,,1,0,50,1,1,,0,0,0,0,0,0,8.16667,,0,0,0,0,0,0,0,0,0,,0,0,,0,0,0,0
1702654468684,1,1010123456002,70,,1,0,50,1,1,,0,0,0,0,0,0,8.42857,,0,0,0,0,0,0,0,0,0,,0,0,,0,0,0,0
1702654468934,1,1010123456002,70,,1,0,50,1,1,,0,0,0,0,0,0,8.16667,,0,0,0,0,0,0,0,0,0,,0,0,,0,0,0,0
1702654469184,1,1010123456002,70,,1,0,50,1,1,,0,0,0,0,0,0,8.16667,,0,0,0,0,0,0,0,0,0,,0,0,,0,0,0,0
1702654469434,1,1010123456002,70,,1,0,50,1,1,,0,0,0,0,0,0,8.33333,,0,0,0,0,0,0,0,0,0,,0,0,,0,0,0,0
1702654469684,1,1010123456002,70,,1,0,50,1,1,,0,0,0,0,0,0,8.28571,,0,0,0,0,0,0,0,0,0,,0,0,,0,0,0,0
1702654469934,1,1010123456002,70,,1,0,50,1,1,,0,0,0,0,0,0,8.33333,,0,0,0,0,0,0,0,0,0,,0,0,,0,0,0,0
1702654470184,1,1010123456002,70,,1,0,50,1,1,,0,0,0,0,0,0,8.33333,,0,0,0,0,0,0,0,0,0,,0,0,,0,0,0,0
1702654470434,1,1010123456002,70,,1,0,50,1,1,,0,0,0,0,0,0,8.33333,,0,0,0,0,0,0,0,0,0,,0,0,,0,0,0,0
1702654470684,1,1010123456002,70,,1,0,50,1,1,,0,0,0,0,0,0,8.28571,,0,0,0,0,0,0,0,0,0,,0,0,,0,0,0,0
1702654470934,1,1010123456002,70,,1,0,50,1,1,,0,0,0,0,0,0,8,,0,0,0,0,0,0,0,0,0,,0,0,,0,0,0,0
1702654471184,1,1010123456002,70,,1,0,50,1,1,,0,0,0,0,0,0,8.66667,,0,0,0,0,0,0,0,0,0,,0,0,,0,0,0,0
1702654471434,1,1010123456002,70,,1,0,50,1,1,,0,0,0,0,0,0,8.16667,,0,0,0,0,0,0,0,0,0,,0,0,,0,0,0,0
1702654471684,1,1010123456002,70,,1,0,50,1,1,,0,0,0,0,0,0,8.42857,,0,0,0,0,0,0,0,0,0,,0,0,,0,0,0,0
1702654471934,1,1010123456002,70,,1,0,50,1,1,,0,0,0,0,0,0,8.16667,,0,0,0,0,0,0,0,0,0,,0,0,,0,0,0,0
1702654472184,1,1010123456002,70,,1,0,50,1,1,,0,0,0,0,0,0,8.33333,,0,0,0,0,0,0,0,0,0,,0,0,,0,0,0,0
1702654472434,1,1010123456002,70,,1,0,50,1,1,,0,0,0,0,0,0,8.66667,,0,0,0,0,0,0,0,0,0,,0,0,,0,0,0,0
1702654472684,1,1010123456002,70,,1,0,50,1,1,,0,0,0,0,0,0,8.14286,,0,0,0,0,0,0,0,0,0,,0,0,,0,0,0,0
1702654472934,1,1010123456002,70,,1,0,50,1,1,,0,0,0,0,0,0,8.66667,,0,0,0,0,0,0,0,0,0,,0,0,,0,0,0,0
1702654473184,1,1010123456002,70,,1,0,50,1,1,,0,0,0,0,0,0,8.33333,,0,0,0,0,0,0,0,0,0,,0,0,,0,0,0,0
1702654473434,1,1010123456002,70,,1,0,50,1,1,,0,0,0,0,0,0,8.5,,0,0,0,0,0,0,0,0,0,,0,0,,0,0,0,0
1702654473684,1,1010123456002,70,,1,0,50,1,1,,0,0,0,0,0,0,8.14286,,0,0,0,0,0,0,0,0,0,,0,0,,0,0,0,0
1702654473934,1,1010123456002,70,,1,0,50,1,1,,0,0,0,0,0,0,8.33333,,0,0,0,0,0,0,0,0,0,,0,0,,0,0,0,0
1702654474184,1,1010123456002,70,,1,0,50,1,1,,0,0,0,0,0,0,8.33333,,0,0,0,0,0,0,0,0,0,,0,0,,0,0,0,0
1702654474434,1,1010123456002,70,,1,0,50,1,1,,0,0,0,0,0,0,8.33333,,0,0,0,0,0,0,0,0,0,,0,0,,0,0,0,0
1702654474684,1,1010123456002,70,,1,0,50,1,1,,0,0,0,0,0,0,8.28571,,0,0,0,0,0,0,0,0,0,,0,0,,0,0,0,0
1702654474934,1,1010123456002,70,,1,0,50,1,1,,0,0,0,0,0,0,8.16667,,0,0,0,0,0,0,0,0,0,,0,0,,0,0,0,0
1702654475184,1,1010123456002,70,,1,0,50,1,1,,0,0,0,0,0,0,8.16667,,0,0,0,0,0,0,0,0,0,,0,0,,0,0,0,0
1702654475434,1,1010123456002,70,,1,0,50,1,1,,0,0,0,0,0,0,8.33333,,0,0,0,0,0,0,0,0,0,,0,0,,0,0,0,0
1702654475684,1,1010123456002,70,,1,0,50,1,1,,0,0,0,0,0,0,8.28571,,0,0,0,0,0,0,0,0,0,,0,0,,0,0,0,0
1702654475934,1,1010123456002,70,,1,0,50,1,1,,0,0,0,0,0,0,8,,0,0,0,0,0,0,0,0,0,,0,0,,0,0,0,0
1702654476184,1,1010123456002,70,,1,0,50,1,1,,0,0,0,0,0,0,8.33333,,0,0,0,0,0,0,0,0,0,,0,0,,0,0,0,0
1702654476434,1,1010123456002,70,,1,0,50,1,1,,0,0,0,0,0,0,8.5,,0,0,0,0,0,0,0,0,0,,0,0,,0,0,0,0
1702654476684,1,1010123456002,70,,1,0,50,1,1,,0,0,0,0,0,0,8.42857,,0,0,0,0,0,0,0,0,0,,0,0,,0,0,0,0
1702654476934,1,1010123456002,70,,1,0,50,1,1,,0,0,0,0,0,0,8.33333,,0,0,0,0,0,0,0,0,0,,0,0,,0,0,0,0
1702654477184,1,1010123456002,70,,1,0,50,1,1,,0,0,0,0,0,0,8.16667,,0,0,0,0,0,0,0,0,0,,0,0,,0,0,0,0
1702654477434,1,1010123456002,70,,1,0,50,1,1,,0,0,0,0,0,0,8.33333,,0,0,0,0,0,0,0,0,0,,0,0,,0,0,0,0
1702654477684,1,1010123456002,70,,1,0,50,1,1,,0,0,0,0,0,0,8.42857,,0,0,0,0,0,0,0,0,0,,0,0,,0,0,0,0
1702654477934,1,1010123456002,70,,1,0,50,1,1,,0,0,0,0,0,0,8.5,,0,0,0,0,0,0,0,0,0,,0,0,,0,0,0,0
1702654478184,1,1010123456002,70,,1,0,50,1,1,,0,0,0,0,0,0,8.5,,0,0,0,0,0,0,0,0,0,,0,0,,0,0,0,0
1702654478434,1,1010123456002,70,,1,0,50,1,1,,0,0,0,0,0,0,8.16667,,0,0,0,0,0,0,0,0,0,,0,0,,0,0,0,0
1702654478684,1,1010123456002,70,,1,0,50,1,1,,0,0,0,0,0,0,8.28571,,0,0,0,0,0,0,0,0,0,,0,0,,0,0,0,0
1702654478934,1,1010123456002,70,,1,0,50,1,1,,0,0,0,0,0,0,8.83333,,0,0,0,0,0,0,0,0,0,,0,0,,0,0,0,0
1702654479184,1,1010123456002,70,,1,0,50,1,1,,0,0,0,0,0,0,8.16667,,0,0,0,0,0,0,0,0,0,,0,0,,0,0,0,0
1702654479434,1,1010123456002,70,,1,0,50,1,1,,0,0,0,0,0,0,8.33333,,0,0,0,0,0,0,0,0,0,,0,0,,0,0,0,0
1702654479684,1,1010123456002,70,,1,0,50,1,1,,0,0,0,0,0,0,8.28571,,0,0,0,0,0,0,0,0,0,,0,0,,0,0,0,0
1702654479934,1,1010123456002,70,,1,0,50,1,1,,0,0,0,0,0,0,8.5,,0,0,0,0,0,0,0,0,0,,0,0,,0,0,0,0
1702654480184,1,1010123456002,70,,1,0,50,1,1,,0,0,0,0,0,0,8.16667,,0,0,0,0,0,0,0,0,0,,0,0,,0,0,0,0
1702654480434,1,1010123456002,70,,1,0,50,1,1,,0,0,0,0,0,0,8.16667,,0,0,0,0,0,0,0,0,0,,0,0,,0,0,0,0
1702654480684,1,1010123456002,70,,1,0,50,1,1,,0,0,0,0,0,0,8.28571,,0,0,0,0,0,0,0,0,0,,0,0,,0,0,0,0
1702654480934,1,1010123456002,70,,1,0,50,1,1,,0,0,0,0,0,0,8,,0,0,0,0,0,0,0,0,0,,0,0,,0,0,0,0
1702654481184,1,1010123456002,70,,1,0,50,1,1,,0,0,0,0,0,0,8.66667,,0,0,0,0,0,0,0,0,0,,0,0,,0,0,0,0
1702654481434,1,1010123456002,70,,1,0,50,1,1,,0,0,0,0,0,0,8,,0,0,0,0,0,0,0,0,0,,0,0,,0,0,0,0
1702654481684,1,1010123456002,70,,1,0,50,1,1,,0,0,0,0,0,0,8.42857,,0,0,0,0,0,0,0,0,0,,0,0,,0,0,0,0
1702654481934,1,1010123456002,70,,1,0,50,1,1,,0,0,0,0,0,0,8.5,,0,0,0,0,0,0,0,0,0,,0,0,,0,0,0,0
1702654482184,1,1010123456002,70,,1,0,50,1,1,,0,0,0,0,0,0,8.33333,,0,0,0,0,0,0,0,0,0,,0,0,,0,0,0,0
1702654482434,1,1010123456002,70,,1,0,50,1,1,,0,0,0,0,0,0,8.33333,,0,0,0,0,0,0,0,0,0,,0,0,,0,0,0,0
1702654482684,1,1010123456002,70,,1,0,50,1,1,,0,0,0,0,0,0,8.28571,,0,0,0,0,0,0,0,0,0,,0,0,,0,0,0,0
1702654482934,1,1010123456002,70,,1,0,50,1,1,,0,0,0,0,0,0,8.33333,,0,0,0,0,0,0,0,0,0,,0,0,,0,0,0,0
1702654483184,1,1010123456002,70,,1,0,50,1,1,,0,0,0,0,0,0,8.83333,,0,0,0,0,0,0,0,0,0,,0,0,,0,0,0,0
1702654483434,1,1010123456002,70,,1,0,50,1,1,,0,0,0,0,0,0,8.16667,,0,0,0,0,0,0,0,0,0,,0,0,,0,0,0,0
1702654483684,1,1010123456002,70,,1,0,50,1,1,,0,0,0,0,0,0,8,,0,0,0,0,0,0,0,0,0,,0,0,,0,0,0,0
1702654483934,1,1010123456002,70,,1,0,50,1,1,,0,0,0,0,0,0,8.5,,0,0,0,0,0,0,0,0,0,,0,0,,0,0,0,0
1702654484184,1,1010123456002,70,,1,0,50,1,1,,0,0,0,0,0,0,8.16667,,0,0,0,0,0,0,0,0,0,,0,0,,0,0,0,0
1702654484434,1,1010123456002,70,,1,0,50,1,1,,0,0,0,0,0,0,8.33333,,0,0,0,0,0,0,0,0,0,,0,0,,0,0,0,0
1702654484684,1,1010123456002,70,,1,0,50,1,1,,0,0,0,0,0,0,8.28571,,0,0,0,0,0,0,0,0,0,,0,0,,0,0,0,0
1702654484934,1,1010123456002,70,,1,0,50,1,1,,0,0,0,0,0,0,8,,0,0,0,0,0,0,0,0,0,,0,0,,0,0,0,0
1702654485184,1,1010123456002,70,,1,0,50,1,1,,0,0,0,0,0,0,8.16667,,0,0,0,0,0,0,0,0,0,,0,0,,0,0,0,0
1702654485434,1,1010123456002,70,,1,0,50,1,1,,0,0,0,0,0,0,8.16667,,0,0,0,0,0,0,0,0,0,,0,0,,0,0,0,0
1702654485684,1,1010123456002,70,,1,0,50,1,1,,0,0,0,0,0,0,8.28571,,0,0,0,0,0,0,0,0,0,,0,0,,0,0,0,0
1702654485934,1,1010123456002,70,,1,0,50,1,1,,0,0,0,0,0,0,8.5,,0,0,0,0,0,0,0,0,0,,0,0,,0,0,0,0
1702654486184,1,1010123456002,70,,1,0,50,1,1,,0,0,0,0,0,0,8.33333,,0,0,0,0,0,0,0,0,0,,0,0,,0,0,0,0
1702654486434,1,1010123456002,70,,1,0,50,1,1,,0,0,0,0,0,0,8.33333,,0,0,0,0,0,0,0,0,0,,0,0,,0,0,0,0
1702654486684,1,1010123456002,70,,1,0,50,1,1,,0,0,0,0,0,0,8.57143,,0,0,0,0,0,0,0,0,0,,0,0,,0,0,0,0
1702654486934,1,1010123456002,70,,1,0,50,1,1,,0,0,0,0,0,0,8.16667,,0,0,0,0,0,0,0,0,0,,0,0,,0,0,0,0
1702654487184,1,1010123456002,70,,1,0,50,1,1,,0,0,0,0,0,0,8.33333,,0,0,0,0,0,0,0,0,0,,0,0,,0,0,0,0
1702654487434,1,1010123456002,70,,1,0,50,1,1,,0,0,0,0,0,0,8,,0,0,0,0,0,0,0,0,0,,0,0,,0,0,0,0
1702654487684,1,1010123456002,70,,1,0,50,1,1,,0,0,0,0,0,0,8.42857,,0,0,0,0,0,0,0,0,0,,0,0,,0,0,0,0
1702654487934,1,1010123456002,70,,1,0,50,1,1,,0,0,0,0,0,0,8.33333,,0,0,0,0,0,0,0,0,0,,0,0,,0,0,0,0
1702654488184,1,1010123456002,70,,1,0,50,1,1,,0,0,0,0,0,0,8.16667,,0,0,0,0,0,0,0,0,0,,0,0,,0,0,0,0
1702654488434,1,1010123456002,70,,1,0,50,1,1,,0,0,0,0,0,0,8.5,,0,0,0,0,0,0,0,0,0,,0,0,,0,0,0,0
1702654488684,1,1010123456002,70,,1,0,50,1,1,,0,0,0,0,0,0,8,,0,0,0,0,0,0,0,0,0,,0,0,,0,0,0,0
1702654488934,1,1010123456002,70,,1,0,50,1,1,,0,0,0,0,0,0,8.16667,,0,0,0,0,0,0,0,0,0,,0,0,,0,0,0,0
1702654489184,1,1010123456002,70,,1,0,50,1,1,,0,0,0,0,0,0,8.5,,0,0,0,0,0,0,0,0,0,,0,0,,0,0,0,0
1702654489434,1,1010123456002,70,,1,0,50,1,1,,0,0,0,0,0,0,8.16667,,0,0,0,0,0,0,0,0,0,,0,0,,0,0,0,0
1702654489684,1,1010123456002,70,,1,0,50,1,1,,0,0,0,0,0,0,8,,0,0,0,0,0,0,0,0,0,,0,0,,0,0,0,0
1702654489934,1,1010123456002,70,,1,0,50,1,1,,0,0,0,0,0,0,8.33333,,0,0,0,0,0,0,0,0,0,,0,0,,0,0,0,0
1702654490184,1,1010123456002,70,,1,0,50,1,1,,0,0,0,0,0,0,8.33333,,0,0,0,0,0,0,0,0,0,,0,0,,0,0,0,0
1702654490434,1,1010123456002,70,,1,0,50,1,1,,0,0,0,0,0,0,8.5,,0,0,0,0,0,0,0,0,0,,0,0,,0,0,0,0
1702654490684,1,1010123456002,70,,1,0,50,1,1,,0,0,0,0,0,0,8.42857,,0,0,0,0,0,0,0,0,0,,0,0,,0,0,0,0
1702654490934,1,1010123456002,70,,1,0,50,1,1,,0,0,0,0,0,0,7.83333,,0,0,0,0,0,0,0,0,0,,0,0,,0,0,0,0
1702654491184,1,1010123456002,70,,1,0,50,1,1,,0,0,0,0,0,0,8,,0,0,0,0,0,0,0,0,0,,0,0,,0,0,0,0
1702654491434,1,1010123456002,70,,1,0,50,1,1,,0,0,0,0,0,0,8.5,,0,0,0,0,0,0,0,0,0,,0,0,,0,0,0,0
1702654491684,1,1010123456002,70,,1,0,50,1,1,,0,0,0,0,0,0,8.42857,,0,0,0,0,0,0,0,0,0,,0,0,,0,0,0,0
1702654491934,1,1010123456002,70,,1,0,50,1,1,,0,0,0,0,0,0,8.33333,,0,0,0,0,0,0,0,0,0,,0,0,,0,0,0,0
1702654492184,1,1010123456002,70,,1,0,50,1,1,,0,0,0,0,0,0,8.5,,0,0,0,0,0,0,0,0,0,,0,0,,0,0,0,0
1702654492434,1,1010123456002,70,,1,0,50,1,1,,0,0,0,0,0,0,8.16667,,0,0,0,0,0,0,0,0,0,,0,0,,0,0,0,0
1702654492684,1,1010123456002,70,,1,0,50,1,1,,0,0,0,0,0,0,8.14286,,0,0,0,0,0,0,0,0,0,,0,0,,0,0,0,0
1702654492934,1,1010123456002,70,,1,0,50,1,1,,0,0,0,0,0,0,8.5,,0,0,0,0,0,0,0,0,0,,0,0,,0,0,0,0
1702654493184,1,1010123456002,70,,1,0,50,1,1,,0,0,0,0,0,0,8.16667,,0,0,0,0,0,0,0,0,0,,0,0,,0,0,0,0
1702654493434,1,1010123456002,70,,1,0,50,1,1,,0,0,0,0,0,0,8.5,,0,0,0,0,0,0,0,0,0,,0,0,,0,0,0,0
1702654493684,1,1010123456002,70,,1,0,50,1,1,,0,0,0,0,0,0,8.28571,,0,0,0,0,0,0,0,0,0,,0,0,,0,0,0,0
1702654493934,1,1010123456002,70,,1,0,50,1,1,,0,0,0,0,0,0,8.16667,,0,0,0,0,0,0,0,0,0,,0,0,,0,0,0,0
1702654494184,1,1010123456002,70,,1,0,50,1,1,,0,0,0,0,0,0,8.16667,,0,0,0,0,0,0,0,0,0,,0,0,,0,0,0,0
1702654494434,1,1010123456002,70,,1,0,50,1,1,,0,0,0,0,0,0,8,,0,0,0,0,0,0,0,0,0,,0,0,,0,0,0,0
1702654494684,1,1010123456002,70,,1,0,50,1,1,,0,0,0,0,0,0,8,,0,0,0,0,0,0,0,0,0,,0,0,,0,0,0,0
1702654494934,1,1010123456002,70,,1,0,50,1,1,,0,0,0,0,0,0,8.16667,,0,0,0,0,0,0,0,0,0,,0,0,,0,0,0,0
1702654495184,1,1010123456002,70,,1,0,50,1,1,,0,0,0,0,0,0,8.16667,,0,0,0,0,0,0,0,0,0,,0,0,,0,0,0,0
1702654495434,1,1010123456002,70,,1,0,50,1,1,,0,0,0,0,0,0,8.83333,,0,0,0,0,0,0,0,0,0,,0,0,,0,0,0,0
1702654495684,1,1010123456002,70,,1,0,50,1,1,,0,0,0,0,0,0,8.57143,,0,0,0,0,0,0,0,0,0,,0,0,,0,0,0,0
1702654495934,1,1010123456002,70,,1,0,50,1,1,,0,0,0,0,0,0,8.33333,,0,0,0,0,0,0,0,0,0,,0,0,,0,0,0,0
1702654496184,1,1010123456002,70,,1,0,50,1,1,,0,0,0,0,0,0,8,,0,0,0,0,0,0,0,0,0,,0,0,,0,0,0,0
1702654496434,1,1010123456002,70,,1,0,50,1,1,,0,0,0,0,0,0,8.16667,,0,0,0,0,0,0,0,0,0,,0,0,,0,0,0,0
1702654496684,1,1010123456002,70,,1,0,50,1,1,,0,0,0,0,0,0,8.42857,,0,0,0,0,0,0,0,0,0,,0,0,,0,0,0,0
1702654496934,1,1010123456002,70,,1,0,50,1,1,,0,0,0,0,0,0,8.33333,,0,0,0,0,0,0,0,0,0,,0,0,,0,0,0,0
1702654497184,1,1010123456002,70,,1,0,50,1,1,,0,0,0,0,0,0,8.66667,,0,0,0,0,0,0,0,0,0,,0,0,,0,0,0,0
1702654497434,1,1010123456002,70,,1,0,50,1,1,,0,0,0,0,0,0,8.5,,0,0,0,0,0,0,0,0,0,,0,0,,0,0,0,0
1702654497684,1,1010123456002,70,,1,0,50,1,1,,0,0,0,0,0,0,8.14286,,0,0,0,0,0,0,0,0,0,,0,0,,0,0,0,0
1702654497934,1,1010123456002,70,,1,0,50,1,1,,0,0,0,0,0,0,8.16667,,0,0,0,0,0,0,0,0,0,,0,0,,0,0,0,0
1702654498184,1,1010123456002,70,,1,0,50,1,1,,0,0,0,0,0,0,8.33333,,0,0,0,0,0,0,0,0,0,,0,0,,0,0,0,0
1702654498434,1,1010123456002,70,,1,0,50,1,1,,0,0,0,0,0,0,8.16667,,0,0,0,0,0,0,0,0,0,,0,0,,0,0,0,0
1702654498684,1,1010123456002,70,,1,0,50,1,1,,0,0,0,0,0,0,8.14286,,0,0,0,0,0,0,0,0,0,,0,0,,0,0,0,0
1702654498934,1,1010123456002,70,,1,0,50,1,1,,0,0,0,0,0,0,8.16667,,0,0,0,0,0,0,0,0,0,,0,0,,0,0,0,0
1702654499184,1,1010123456002,70,,1,0,50,1,1,,0,0,0,0,0,0,8.33333,,0,0,0,0,0,0,0,0,0,,0,0,,0,0,0,0
1702654499434,1,1010123456002,70,,1,0,50,1,1,,0,0,0,0,0,0,8.5,,0,0,0,0,0,0,0,0,0,,0,0,,0,0,0,0
1702654499684,1,1010123456002,70,,1,0,50,1,1,,0,0,0,0,0,0,8.28571,,0,0,0,0,0,0,0,0,0,,0,0,,0,0,0,0
1702654499934,1,1010123456002,70,,1,0,50,1,1,,0,0,0,0,0,0,8.5,,0,0,0,0,0,0,0,0,0,,0,0,,0,0,0,0
1702654500184,1,1010123456002,70,,1,0,50,1,1,,0,0,0,0,0,0,8.66667,,0,0,0,0,0,0,0,0,0,,0,0,,0,0,0,0
1702654500434,1,1010123456002,70,,1,0,50,1,1,,0,0,0,0,0,0,8.5,,0,0,0,0,0,0,0,0,0,,0,0,,0,0,0,0
1702654500684,1,1010123456002,70,,1,0,50,1,1,,0,0,0,0,0,0,8.14286,,0,0,0,0,0,0,0,0,0,,0,0,,0,0,0,0
1702654500934,1,1010123456002,70,,1,0,50,1,1,,0,0,0,0,0,0,8.16667,,0,0,0,0,0,0,0,0,0,,0,0,,0,0,0,0
1702654501184,1,1010123456002,70,,1,0,50,1,1,,0,0,0,0,0,0,8.66667,,0,0,0,0,0,0,0,0,0,,0,0,,0,0,0,0
1702654501434,1,1010123456002,70,,1,0,50,1,1,,0,0,0,0,0,0,8.5,,0,0,0,0,0,0,0,0,0,,0,0,,0,0,0,0
1702654501684,1,1010123456002,70,,1,0,50,1,1,,0,0,0,0,0,0,8.28571,,0,0,0,0,0,0,0,0,0,,0,0,,0,0,0,0
1702654501934,1,1010123456002,70,,1,0,50,1,1,,0,0,0,0,0,0,8.16667,,0,0,0,0,0,0,0,0,0,,0,0,,0,0,0,0
1702654502184,1,1010123456002,70,,1,0,50,1,1,,0,0,0,0,0,0,8.33333,,0,0,0,0,0,0,0,0,0,,0,0,,0,0,0,0
1702654502434,1,1010123456002,70,,1,0,50,1,1,,0,0,0,0,0,0,8.16667,,0,0,0,0,0,0,0,0,0,,0,0,,0,0,0,0
1702654502684,1,1010123456002,70,,1,0,50,1,1,,0,0,0,0,0,0,8.28571,,0,0,0,0,0,0,0,0,0,,0,0,,0,0,0,0
1702654502934,1,1010123456002,70,,1,0,50,1,1,,0,0,0,0,0,0,8.5,,0,0,0,0,0,0,0,0,0,,0,0,,0,0,0,0
1702654503184,1,1010123456002,70,,1,0,50,1,1,,0,0,0,0,0,0,8.5,,0,0,0,0,0,0,0,0,0,,0,0,,0,0,0,0
1702654503434,1,1010123456002,70,,1,0,50,1,1,,0,0,0,0,0,0,8.16667,,0,0,0,0,0,0,0,0,0,,0,0,,0,0,0,0
1702654503684,1,1010123456002,70,,1,0,50,1,1,,0,0,0,0,0,0,8.14286,,0,0,0,0,0,0,0,0,0,,0,0,,0,0,0,0
1702654503934,1,1010123456002,70,,1,0,50,1,1,,0,0,0,0,0,0,8.16667,,0,0,0,0,0,0,0,0,0,,0,0,,0,0,0,0
1702654504184,1,1010123456002,70,,1,0,50,1,1,,0,0,0,0,0,0,8.5,,0,0,0,0,0,0,0,0,0,,0,0,,0,0,0,0
1702654504434,1,1010123456002,70,,1,0,50,1,1,,0,0,0,0,0,0,8.66667,,0,0,0,0,0,0,0,0,0,,0,0,,0,0,0,0
1702654504684,1,1010123456002,70,,1,0,50,1,1,,0,0,0,0,0,0,8.42857,,0,0,0,0,0,0,0,0,0,,0,0,,0,0,0,0
1702654504934,1,1010123456002,70,,1,0,50,1,1,,0,0,0,0,0,0,8.66667,,0,0,0,0,0,0,0,0,0,,0,0,,0,0,0,0
1702654505184,1,1010123456002,70,,1,0,50,1,1,,0,0,0,0,0,0,8.16667,,0,0,0,0,0,0,0,0,0,,0,0,,0,0,0,0
1702654505434,1,1010123456002,70,,1,0,50,1,1,,0,0,0,0,0,0,8,,0,0,0,0,0,0,0,0,0,,0,0,,0,0,0,0
1702654505684,1,1010123456002,70,,1,0,50,1,1,,0,0,0,0,0,0,8,,0,0,0,0,0,0,0,0,0,,0,0,,0,0,0,0
1702654505934,1,1010123456002,70,,1,0,50,1,1,,0,0,0,0,0,0,8.16667,,0,0,0,0,0,0,0,0,0,,0,0,,0,0,0,0
1702654506184,1,1010123456002,70,,1,0,50,1,1,,0,0,0,0,0,0,8.16667,,0,0,0,0,0,0,0,0,0,,0,0,,0,0,0,0
1702654506434,1,1010123456002,70,,1,0,50,1,1,,0,0,0,0,0,0,8.5,,0,0,0,0,0,0,0,0,0,,0,0,,0,0,0,0
1702654506684,1,1010123456002,70,,1,0,50,1,1,,0,0,0,0,0,0,8.42857,,0,0,0,0,0,0,0,0,0,,0,0,,0,0,0,0
1702655045934,1,1010123456002,71,,1,0,50,1,1,,6,4,0,0.001024,1,0,0.1,,0.1,4,0,0.1,1,0,0,30.6745,0,,0,3,,0,0,0,1
1702655046184,1,1010123456002,71,,1,0,50,1,1,,2.53846,13,0,0.002688,4,0,8.5,,11.8571,21,0,0.1,6,0,0,35.9182,31,,0,12,,0,0,0,1
1702655046434,1,1010123456002,71,,1,0,50,1,1,,0,3,0,0.000224,1,0,8.33333,,12.2143,14,0,0.1,4,0,0,35.4184,31,,0,3,,0,0,0,1
1702655046684,1,1010123456002,71,,1,0,50,1,1,,0,0,0,0,0,0,8.14286,,0,0,0,0,0,0,0,0,0,,0,0,,0,0,0,0
1702655046934,1,1010123456002,71,,1,0,50,1,1,,13,4,0,0.010912,1,0,8.16667,,14.5714,7,0,0.1,2,0,0,34.5361,31,,0,12,,0,0,0,1
1702655047184,1,1010123456002,71,,1,0,50,1,1,,0,0,0,0,0,0,8,,0,0,0,0,0,0,0,0,0,,0,0,,0,0,0,0
1702655047434,1,1010123456002,71,,1,0,50,1,1,,0,0,0,0,0,0,8.33333,,0,0,0,0,0,0,0,0,0,,0,0,,0,0,0,0
1702655047684,1,1010123456002,71,,1,0,50,1,1,,0,0,0,0,0,0,8.14286,,0,0,0,0,0,0,0,0,0,,0,0,,0,0,0,0
1702655047934,1,1010123456002,71,,1,0,50,1,1,,0,0,0,0,0,0,8.5,,0,0,0,0,0,0,0,0,0,,0,0,,0,0,0,0
1702655048184,1,1010123456002,71,,1,0,50,1,1,,0,0,0,0,0,0,8.16667,,0,0,0,0,0,0,0,0,0,,0,0,,0,0,0,0
1702655048434,1,1010123456002,71,,1,0,50,1,1,,0,0,0,0,0,0,8.16667,,0,0,0,0,0,0,0,0,0,,0,0,,0,0,0,0
1702655048684,1,1010123456002,71,,1,0,50,1,1,,0,0,0,0,0,0,8.28571,,0,0,0,0,0,0,0,0,0,,0,0,,0,0,0,0
1702655048934,1,1010123456002,71,,1,0,50,1,1,,0,0,0,0,0,0,8.16667,,0,0,0,0,0,0,0,0,0,,0,0,,0,0,0,0
1702655049184,1,1010123456002,71,,1,0,50,1,1,,0,0,0,0,0,0,8.16667,,0,0,0,0,0,0,0,0,0,,0,0,,0,0,0,0
1702655049434,1,1010123456002,71,,1,0,50,1,1,,0,0,0,0,0,0,8.16667,,0,0,0,0,0,0,0,0,0,,0,0,,0,0,0,0
1702655049684,1,1010123456002,71,,1,0,50,1,1,,0,0,0,0,0,0,8.28571,,0,0,0,0,0,0,0,0,0,,0,0,,0,0,0,0
1702655049934,1,1010123456002,71,,1,0,50,1,1,,0,0,0,0,0,0,8.33333,,0,0,0,0,0,0,0,0,0,,0,0,,0,0,0,0
1702655050184,1,1010123456002,71,,1,0,50,1,1,,0,0,0,0,0,0,8,,0,0,0,0,0,0,0,0,0,,0,0,,0,0,0,0
1702655050434,1,1010123456002,71,,1,0,50,1,1,,0,0,0,0,0,0,8.16667,,0,0,0,0,0,0,0,0,0,,0,0,,0,0,0,0
1702655050684,1,1010123456002,71,,1,0,50,1,1,,0,0,0,0,0,0,8.28571,,0,0,0,0,0,0,0,0,0,,0,0,,0,0,0,0
1702655050934,1,1010123456002,71,,1,0,50,1,1,,0,0,0,0,0,0,8.16667,,0,0,0,0,0,0,0,0,0,,0,0,,0,0,0,0
1702655051184,1,1010123456002,71,,1,0,50,1,1,,0,0,0,0,0,0,8.16667,,0,0,0,0,0,0,0,0,0,,0,0,,0,0,0,0
1702655051434,1,1010123456002,71,,1,0,50,1,1,,0,0,0,0,0,0,8.33333,,0,0,0,0,0,0,0,0,0,,0,0,,0,0,0,0
1702655051684,1,1010123456002,71,,1,0,50,1,1,,0,0,0,0,0,0,8.28571,,0,0,0,0,0,0,0,0,0,,0,0,,0,0,0,0
1702655051934,1,1010123456002,71,,1,0,50,1,1,,0,0,0,0,0,0,8.16667,,0,0,0,0,0,0,0,0,0,,0,0,,0,0,0,0
1702655052184,1,1010123456002,71,,1,0,50,1,1,,0,0,0,0,0,0,8.5,,0,0,0,0,0,0,0,0,0,,0,0,,0,0,0,0
1702655052434,1,1010123456002,71,,1,0,50,1,1,,0,0,0,0,0,0,8.16667,,0,0,0,0,0,0,0,0,0,,0,0,,0,0,0,0
1702655052684,1,1010123456002,71,,1,0,50,1,1,,0,0,0,0,0,0,8.14286,,0,0,0,0,0,0,0,0,0,,0,0,,0,0,0,0
1702655052934,1,1010123456002,71,,1,0,50,1,1,,0,0,0,0,0,0,8.33333,,0,0,0,0,0,0,0,0,0,,0,0,,0,0,0,0
1702655053184,1,1010123456002,71,,1,0,50,1,1,,0,0,0,0,0,0,8.16667,,0,0,0,0,0,0,0,0,0,,0,0,,0,0,0,0
1702655053434,1,1010123456002,71,,1,0,50,1,1,,0,0,0,0,0,0,8.33333,,0,0,0,0,0,0,0,0,0,,0,0,,0,0,0,0
1702655053684,1,1010123456002,71,,1,0,50,1,1,,0,0,0,0,0,0,8,,0,0,0,0,0,0,0,0,0,,0,0,,0,0,0,0
1702655053934,1,1010123456002,71,,1,0,50,1,1,,0,0,0,0,0,0,8.33333,,0,0,0,0,0,0,0,0,0,,0,0,,0,0,0,0
1702655054184,1,1010123456002,71,,1,0,50,1,1,,0,0,0,0,0,0,8.16667,,0,0,0,0,0,0,0,0,0,,0,0,,0,0,0,0
1702655054434,1,1010123456002,71,,1,0,50,1,1,,0,0,0,0,0,0,8.5,,0,0,0,0,0,0,0,0,0,,0,0,,0,0,0,0
1702655054684,1,1010123456002,71,,1,0,50,1,1,,0,0,0,0,0,0,8.28571,,0,0,0,0,0,0,0,0,0,,0,0,,0,0,0,0
1702655054934,1,1010123456002,71,,1,0,50,1,1,,0,0,0,0,0,0,8.33333,,0,0,0,0,0,0,0,0,0,,0,0,,0,0,0,0
1702655055184,1,1010123456002,71,,1,0,50,1,1,,0,0,0,0,0,0,8.66667,,0,0,0,0,0,0,0,0,0,,0,0,,0,0,0,0
1702655055434,1,1010123456002,71,,1,0,50,1,1,,0,0,0,0,0,0,8.33333,,0,0,0,0,0,0,0,0,0,,0,0,,0,0,0,0
1702655055684,1,1010123456002,71,,1,0,50,1,1,,0,0,0,0,0,0,8.14286,,0,0,0,0,0,0,0,0,0,,0,0,,0,0,0,0
1702655055934,1,1010123456002,71,,1,0,50,1,1,,0,0,0,0,0,0,8,,0,0,0,0,0,0,0,0,0,,0,0,,0,0,0,0
1702655056184,1,1010123456002,71,,1,0,50,1,1,,0,0,0,0,0,0,8.5,,0,0,0,0,0,0,0,0,0,,0,0,,0,0,0,0
1702655056434,1,1010123456002,71,,1,0,50,1,1,,0,0,0,0,0,0,8,,0,0,0,0,0,0,0,0,0,,0,0,,0,0,0,0
1702655056684,1,1010123456002,71,,1,0,50,1,1,,0,0,0,0,0,0,8.57143,,0,0,0,0,0,0,0,0,0,,0,0,,0,0,0,0
1702655056934,1,1010123456002,71,,1,0,50,1,1,,0,0,0,0,0,0,8.33333,,0,0,0,0,0,0,0,0,0,,0,0,,0,0,0,0
1702655057184,1,1010123456002,71,,1,0,50,1,1,,0,0,0,0,0,0,8.66667,,15,4,0,0.1,1,0,0,34.3288,31,,0,0,,0,0,0,1
1702655057434,1,1010123456002,71,,1,0,50,1,1,,0,0,0,0,0,0,8.16667,,0,0,0,0,0,0,0,0,0,,0,0,,0,0,0,0
1702655057684,1,1010123456002,71,,1,0,50,1,1,,0,0,0,0,0,0,8.28571,,0,0,0,0,0,0,0,0,0,,0,0,,0,0,0,0
1702655057934,1,1010123456002,71,,1,0,50,1,1,,0,0,0,0,0,0,8.33333,,0,0,0,0,0,0,0,0,0,,0,0,,0,0,0,0
1702655058184,1,1010123456002,71,,1,0,50,1,1,,0,0,0,0,0,0,8,,0,0,0,0,0,0,0,0,0,,0,0,,0,0,0,0
1702655058434,1,1010123456002,71,,1,0,50,1,1,,0,0,0,0,0,0,8,,0,0,0,0,0,0,0,0,0,,0,0,,0,0,0,0
1702655058684,1,1010123456002,71,,1,0,50,1,1,,0,0,0,0,0,0,8.42857,,0,0,0,0,0,0,0,0,0,,0,0,,0,0,0,0
1702655058934,1,1010123456002,71,,1,0,50,1,1,,0,0,0,0,0,0,8.16667,,0,0,0,0,0,0,0,0,0,,0,0,,0,0,0,0
1702655059184,1,1010123456002,71,,1,0,50,1,1,,0,0,0,0,0,0,8.33333,,0,0,0,0,0,0,0,0,0,,0,0,,0,0,0,0
1702655059434,1,1010123456002,71,,1,0,50,1,1,,0,0,0,0,0,0,8.33333,,0,0,0,0,0,0,0,0,0,,0,0,,0,0,0,0
1702655059684,1,1010123456002,71,,1,0,50,1,1,,0,0,0,0,0,0,8.14286,,0,0,0,0,0,0,0,0,0,,0,0,,0,0,0,0
1702655059934,1,1010123456002,71,,1,0,50,1,1,,0,0,0,0,0,0,8.33333,,0,0,0,0,0,0,0,0,0,,0,0,,0,0,0,0
1702655060184,1,1010123456002,71,,1,0,50,1,1,,0,0,0,0,0,0,8,,0,0,0,0,0,0,0,0,0,,0,0,,0,0,0,0
1702655060434,1,1010123456002,71,,1,0,50,1,1,,0,0,0,0,0,0,8,,0,0,0,0,0,0,0,0,0,,0,0,,0,0,0,0
1702655060684,1,1010123456002,71,,1,0,50,1,1,,0,0,0,0,0,0,8.14286,,0,0,0,0,0,0,0,0,0,,0,0,,0,0,0,0
1702655060934,1,1010123456002,71,,1,0,50,1,1,,0,0,0,0,0,0,8.33333,,0,0,0,0,0,0,0,0,0,,0,0,,0,0,0,0
1702655061184,1,1010123456002,71,,1,0,50,1,1,,0,0,0,0,0,0,8.16667,,0,0,0,0,0,0,0,0,0,,0,0,,0,0,0,0
1702655061434,1,1010123456002,71,,1,0,50,1,1,,0,0,0,0,0,0,8.16667,,0,0,0,0,0,0,0,0,0,,0,0,,0,0,0,0
1702655061684,1,1010123456002,71,,1,0,50,1,1,,0,0,0,0,0,0,8.28571,,0,0,0,0,0,0,0,0,0,,0,0,,0,0,0,0
1702655061934,1,1010123456002,71,,1,0,50,1,1,,0,0,0,0,0,0,8.16667,,0,0,0,0,0,0,0,0,0,,0,0,,0,0,0,0
1702655062184,1,1010123456002,71,,1,0,50,1,1,,0,0,0,0,0,0,8,,0,0,0,0,0,0,0,0,0,,0,0,,0,0,0,0
1702655062434,1,1010123456002,71,,1,0,50,1,1,,0,0,0,0,0,0,8.33333,,0,0,0,0,0,0,0,0,0,,0,0,,0,0,0,0
1702655062684,1,1010123456002,71,,1,0,50,1,1,,0,0,0,0,0,0,8.28571,,0,0,0,0,0,0,0,0,0,,0,0,,0,0,0,0
1702655062934,1,1010123456002,71,,1,0,50,1,1,,0,0,0,0,0,0,8.5,,0,0,0,0,0,0,0,0,0,,0,0,,0,0,0,0
1702655063184,1,1010123456002,71,,1,0,50,1,1,,0,0,0,0,0,0,8,,0,0,0,0,0,0,0,0,0,,0,0,,0,0,0,0
1702655063434,1,1010123456002,71,,1,0,50,1,1,,0,0,0,0,0,0,8.33333,,0,0,0,0,0,0,0,0,0,,0,0,,0,0,0,0
1702655063684,1,1010123456002,71,,1,0,50,1,1,,0,0,0,0,0,0,8.57143,,0,0,0,0,0,0,0,0,0,,0,0,,0,0,0,0
1702655063934,1,1010123456002,71,,1,0,50,1,1,,0,0,0,0,0,0,8.66667,,0,0,0,0,0,0,0,0,0,,0,0,,0,0,0,0
1702655064184,1,1010123456002,71,,1,0,50,1,1,,0,0,0,0,0,0,8.33333,,0,0,0,0,0,0,0,0,0,,0,0,,0,0,0,0
1702655064434,1,1010123456002,71,,1,0,50,1,1,,0,0,0,0,0,0,8,,0,0,0,0,0,0,0,0,0,,0,0,,0,0,0,0
1702655064684,1,1010123456002,71,,1,0,50,1,1,,0,0,0,0,0,0,8.28571,,0,0,0,0,0,0,0,0,0,,0,0,,0,0,0,0
1702655064934,1,1010123456002,71,,1,0,50,1,1,,0,0,0,0,0,0,8.33333,,0,0,0,0,0,0,0,0,0,,0,0,,0,0,0,0
1702655065184,1,1010123456002,71,,1,0,50,1,1,,0,0,0,0,0,0,8.16667,,0,0,0,0,0,0,0,0,0,,0,0,,0,0,0,0
1702655065434,1,1010123456002,71,,1,0,50,1,1,,0,0,0,0,0,0,8,,0,0,0,0,0,0,0,0,0,,0,0,,0,0,0,0
1702655065684,1,1010123456002,71,,1,0,50,1,1,,0,0,0,0,0,0,8.42857,,0,0,0,0,0,0,0,0,0,,0,0,,0,0,0,0
1702655065934,1,1010123456002,71,,1,0,50,1,1,,0,0,0,0,0,0,8.5,,0,0,0,0,0,0,0,0,0,,0,0,,0,0,0,0
1702655066184,1,1010123456002,71,,1,0,50,1,1,,0,0,0,0,0,0,8.33333,,0,0,0,0,0,0,0,0,0,,0,0,,0,0,0,0
1702655066434,1,1010123456002,71,,1,0,50,1,1,,0,0,0,0,0,0,8.16667,,0,0,0,0,0,0,0,0,0,,0,0,,0,0,0,0
1702655066684,1,1010123456002,71,,1,0,50,1,1,,0,0,0,0,0,0,8.14286,,0,0,0,0,0,0,0,0,0,,0,0,,0,0,0,0
1702655066934,1,1010123456002,71,,1,0,50,1,1,,0,0,0,0,0,0,8,,0,0,0,0,0,0,0,0,0,,0,0,,0,0,0,0
1702655067184,1,1010123456002,71,,1,0,50,1,1,,0,0,0,0,0,0,8.66667,,0,0,0,0,0,0,0,0,0,,0,0,,0,0,0,0
1702655067434,1,1010123456002,71,,1,0,50,1,1,,0,0,0,0,0,0,8,,0,0,0,0,0,0,0,0,0,,0,0,,0,0,0,0
1702655067684,1,1010123456002,71,,1,0,50,1,1,,0,0,0,0,0,0,8.42857,,0,0,0,0,0,0,0,0,0,,0,0,,0,0,0,0
1702655067934,1,1010123456002,71,,1,0,50,1,1,,0,0,0,0,0,0,8.33333,,0,0,0,0,0,0,0,0,0,,0,0,,0,0,0,0
1702655068184,1,1010123456002,71,,1,0,50,1,1,,0,0,0,0,0,0,8,,0,0,0,0,0,0,0,0,0,,0,0,,0,0,0,0
1702655068434,1,1010123456002,71,,1,0,50,1,1,,0,0,0,0,0,0,8.5,,0,0,0,0,0,0,0,0,0,,0,0,,0,0,0,0
1702655068684,1,1010123456002,71,,1,0,50,1,1,,0,0,0,0,0,0,8.42857,,0,0,0,0,0,0,0,0,0,,0,0,,0,0,0,0
1702655068934,1,1010123456002,71,,1,0,50,1,1,,0,0,0,0,0,0,8.16667,,0,0,0,0,0,0,0,0,0,,0,0,,0,0,0,0
1702655069184,1,1010123456002,71,,1,0,50,1,1,,0,0,0,0,0,0,8.33333,,0,0,0,0,0,0,0,0,0,,0,0,,0,0,0,0
1702655069434,1,1010123456002,71,,1,0,50,1,1,,0,0,0,0,0,0,8.5,,0,0,0,0,0,0,0,0,0,,0,0,,0,0,0,0
1702655069684,1,1010123456002,71,,1,0,50,1,1,,0,0,0,0,0,0,8,,0,0,0,0,0,0,0,0,0,,0,0,,0,0,0,0
1702655069934,1,1010123456002,71,,1,0,50,1,1,,0,0,0,0,0,0,8.33333,,0,0,0,0,0,0,0,0,0,,0,0,,0,0,0,0
1702655070184,1,1010123456002,71,,1,0,50,1,1,,0,0,0,0,0,0,8,,0,0,0,0,0,0,0,0,0,,0,0,,0,0,0,0
1702655070434,1,1010123456002,71,,1,0,50,1,1,,0,0,0,0,0,0,8.16667,,0,0,0,0,0,0,0,0,0,,0,0,,0,0,0,0
1702655070684,1,1010123456002,71,,1,0,50,1,1,,0,0,0,0,0,0,8.14286,,0,0,0,0,0,0,0,0,0,,0,0,,0,0,0,0
1702655070934,1,1010123456002,71,,1,0,50,1,1,,0,0,0,0,0,0,8.66667,,0,0,0,0,0,0,0,0,0,,0,0,,0,0,0,0
1702655071184,1,1010123456002,71,,1,0,50,1,1,,0,0,0,0,0,0,8.33333,,0,0,0,0,0,0,0,0,0,,0,0,,0,0,0,0
1702655071434,1,1010123456002,71,,1,0,50,1,1,,0,0,0,0,0,0,8.16667,,0,0,0,0,0,0,0,0,0,,0,0,,0,0,0,0
1702655071684,1,1010123456002,71,,1,0,50,1,1,,0,0,0,0,0,0,8.14286,,0,0,0,0,0,0,0,0,0,,0,0,,0,0,0,0
1702655071934,1,1010123456002,71,,1,0,50,1,1,,0,0,0,0,0,0,8.66667,,0,0,0,0,0,0,0,0,0,,0,0,,0,0,0,0
1702655072184,1,1010123456002,71,,1,0,50,1,1,,0,0,0,0,0,0,8.66667,,0,0,0,0,0,0,0,0,0,,0,0,,0,0,0,0
1702655072434,1,1010123456002,71,,1,0,50,1,1,,0,0,0,0,0,0,8.5,,0,0,0,0,0,0,0,0,0,,0,0,,0,0,0,0
1702655072684,1,1010123456002,71,,1,0,50,1,1,,0,0,0,0,0,0,8.28571,,0,0,0,0,0,0,0,0,0,,0,0,,0,0,0,0
1702655072934,1,1010123456002,71,,1,0,50,1,1,,0,0,0,0,0,0,8.33333,,0,0,0,0,0,0,0,0,0,,0,0,,0,0,0,0
1702655073184,1,1010123456002,71,,1,0,50,1,1,,0,0,0,0,0,0,8,,0,0,0,0,0,0,0,0,0,,0,0,,0,0,0,0
1702655073434,1,1010123456002,71,,1,0,50,1,1,,0,0,0,0,0,0,8.33333,,0,0,0,0,0,0,0,0,0,,0,0,,0,0,0,0
1702655073684,1,1010123456002,71,,1,0,50,1,1,,0,0,0,0,0,0,8,,0,0,0,0,0,0,0,0,0,,0,0,,0,0,0,0
1702655073934,1,1010123456002,71,,1,0,50,1,1,,0,0,0,0,0,0,8.16667,,0,0,0,0,0,0,0,0,0,,0,0,,0,0,0,0
1702655074184,1,1010123456002,71,,1,0,50,1,1,,0,0,0,0,0,0,8.5,,0,0,0,0,0,0,0,0,0,,0,0,,0,0,0,0
1702655074434,1,1010123456002,71,,1,0,50,1,1,,0,0,0,0,0,0,8.66667,,0,0,0,0,0,0,0,0,0,,0,0,,0,0,0,0
1702655074684,1,1010123456002,71,,1,0,50,1,1,,0,0,0,0,0,0,8.28571,,0,0,0,0,0,0,0,0,0,,0,0,,0,0,0,0
1702655074934,1,1010123456002,71,,1,0,50,1,1,,0,0,0,0,0,0,8.16667,,0,0,0,0,0,0,0,0,0,,0,0,,0,0,0,0
1702655075184,1,1010123456002,71,,1,0,50,1,1,,0,0,0,0,0,0,8,,0,0,0,0,0,0,0,0,0,,0,0,,0,0,0,0
1702655075434,1,1010123456002,71,,1,0,50,1,1,,0,0,0,0,0,0,8,,0,0,0,0,0,0,0,0,0,,0,0,,0,0,0,0
1702655075684,1,1010123456002,71,,1,0,50,1,1,,0,0,0,0,0,0,8.14286,,0,0,0,0,0,0,0,0,0,,0,0,,0,0,0,0
1702655075934,1,1010123456002,71,,1,0,50,1,1,,0,0,0,0,0,0,8.16667,,0,0,0,0,0,0,0,0,0,,0,0,,0,0,0,0
1702655076184,1,1010123456002,71,,1,0,50,1,1,,0,0,0,0,0,0,8.16667,,0,0,0,0,0,0,0,0,0,,0,0,,0,0,0,0
1702655076434,1,1010123456002,71,,1,0,50,1,1,,0,0,0,0,0,0,8.33333,,0,0,0,0,0,0,0,0,0,,0,0,,0,0,0,0
1702655076684,1,1010123456002,71,,1,0,50,1,1,,0,0,0,0,0,0,8.28571,,0,0,0,0,0,0,0,0,0,,0,0,,0,0,0,0
1702655076934,1,1010123456002,71,,1,0,50,1,1,,0,0,0,0,0,0,8.16667,,0,0,0,0,0,0,0,0,0,,0,0,,0,0,0,0
1702655077184,1,1010123456002,71,,1,0,50,1,1,,0,0,0,0,0,0,8.16667,,0,0,0,0,0,0,0,0,0,,0,0,,0,0,0,0
1702655077434,1,1010123456002,71,,1,0,50,1,1,,0,0,0,0,0,0,8.16667,,0,0,0,0,0,0,0,0,0,,0,0,,0,0,0,0
1702655077684,1,1010123456002,71,,1,0,50,1,1,,0,0,0,0,0,0,8.28571,,0,0,0,0,0,0,0,0,0,,0,0,,0,0,0,0
1702655077934,1,1010123456002,71,,1,0,50,1,1,,0,0,0,0,0,0,8.66667,,0,0,0,0,0,0,0,0,0,,0,0,,0,0,0,0
1702655078184,1,1010123456002,71,,1,0,50,1,1,,0,0,0,0,0,0,8.16667,,0,0,0,0,0,0,0,0,0,,0,0,,0,0,0,0
1702655078434,1,1010123456002,71,,1,0,50,1,1,,0,0,0,0,0,0,8.5,,0,0,0,0,0,0,0,0,0,,0,0,,0,0,0,0
1702655078684,1,1010123456002,71,,1,0,50,1,1,,0,0,0,0,0,0,8.42857,,0,0,0,0,0,0,0,0,0,,0,0,,0,0,0,0
1702655078934,1,1010123456002,71,,1,0,50,1,1,,0,0,0,0,0,0,8,,0,0,0,0,0,0,0,0,0,,0,0,,0,0,0,0
1702655079184,1,1010123456002,71,,1,0,50,1,1,,0,0,0,0,0,0,8.66667,,0,0,0,0,0,0,0,0,0,,0,0,,0,0,0,0
1702655079434,1,1010123456002,71,,1,0,50,1,1,,0,0,0,0,0,0,8,,0,0,0,0,0,0,0,0,0,,0,0,,0,0,0,0
1702655079684,1,1010123456002,71,,1,0,50,1,1,,0,0,0,0,0,0,8.42857,,0,0,0,0,0,0,0,0,0,,0,0,,0,0,0,0
1702655079934,1,1010123456002,71,,1,0,50,1,1,,0,0,0,0,0,0,8.16667,,0,0,0,0,0,0,0,0,0,,0,0,,0,0,0,0
1702655080184,1,1010123456002,71,,1,0,50,1,1,,0,0,0,0,0,0,8.33333,,0,0,0,0,0,0,0,0,0,,0,0,,0,0,0,0
1702655080434,1,1010123456002,71,,1,0,50,1,1,,0,0,0,0,0,0,8.33333,,0,0,0,0,0,0,0,0,0,,0,0,,0,0,0,0
1702655080684,1,1010123456002,71,,1,0,50,1,1,,0,0,0,0,0,0,8.28571,,0,0,0,0,0,0,0,0,0,,0,0,,0,0,0,0
1702655080934,1,1010123456002,71,,1,0,50,1,1,,0,0,0,0,0,0,8.5,,0,0,0,0,0,0,0,0,0,,0,0,,0,0,0,0
1702655081184,1,1010123456002,71,,1,0,50,1,1,,0,0,0,0,0,0,8.16667,,0,0,0,0,0,0,0,0,0,,0,0,,0,0,0,0
1702655081434,1,1010123456002,71,,1,0,50,1,1,,0,0,0,0,0,0,8.33333,,0,0,0,0,0,0,0,0,0,,0,0,,0,0,0,0
1702655081684,1,1010123456002,71,,1,0,50,1,1,,0,0,0,0,0,0,8,,0,0,0,0,0,0,0,0,0,,0,0,,0,0,0,0
1702655081934,1,1010123456002,71,,1,0,50,1,1,,0,0,0,0,0,0,8.16667,,0,0,0,0,0,0,0,0,0,,0,0,,0,0,0,0
1702655082184,1,1010123456002,71,,1,0,50,1,1,,0,0,0,0,0,0,8,,0,0,0,0,0,0,0,0,0,,0,0,,0,0,0,0
1702655082434,1,1010123456002,71,,1,0,50,1,1,,0,0,0,0,0,0,8.16667,,0,0,0,0,0,0,0,0,0,,0,0,,0,0,0,0
1702655082684,1,1010123456002,71,,1,0,50,1,1,,0,0,0,0,0,0,8.14286,,0,0,0,0,0,0,0,0,0,,0,0,,0,0,0,0
1702655082934,1,1010123456002,71,,1,0,50,1,1,,0,0,0,0,0,0,8.16667,,0,0,0,0,0,0,0,0,0,,0,0,,0,0,0,0
1702655083184,1,1010123456002,71,,1,0,50,1,1,,0,0,0,0,0,0,8,,0,0,0,0,0,0,0,0,0,,0,0,,0,0,0,0
1702655083434,1,1010123456002,71,,1,0,50,1,1,,0,0,0,0,0,0,8.5,,0,0,0,0,0,0,0,0,0,,0,0,,0,0,0,0
1702655083684,1,1010123456002,71,,1,0,50,1,1,,0,0,0,0,0,0,8.28571,,0,0,0,0,0,0,0,0,0,,0,0,,0,0,0,0
1702655083934,1,1010123456002,71,,1,0,50,1,1,,0,0,0,0,0,0,8.16667,,0,0,0,0,0,0,0,0,0,,0,0,,0,0,0,0
1702655084184,1,1010123456002,71,,1,0,50,1,1,,0,0,0,0,0,0,8.5,,0,0,0,0,0,0,0,0,0,,0,0,,0,0,0,0
1702655084434,1,1010123456002,71,,1,0,50,1,1,,0,0,0,0,0,0,8.33333,,0,0,0,0,0,0,0,0,0,,0,0,,0,0,0,0
1702655084684,1,1010123456002,71,,1,0,50,1,1,,0,0,0,0,0,0,8.28571,,0,0,0,0,0,0,0,0,0,,0,0,,0,0,0,0
1702655084934,1,1010123456002,71,,1,0,50,1,1,,0,0,0,0,0,0,8,,0,0,0,0,0,0,0,0,0,,0,0,,0,0,0,0
1702655085184,1,1010123456002,71,,1,0,50,1,1,,0,0,0,0,0,0,8,,0,0,0,0,0,0,0,0,0,,0,0,,0,0,0,0
1702655085434,1,1010123456002,71,,1,0,50,1,1,,0,0,0,0,0,0,8.16667,,0,0,0,0,0,0,0,0,0,,0,0,,0,0,0,0
1702655085684,1,1010123456002,71,,1,0,50,1,1,,0,0,0,0,0,0,8.28571,,0,0,0,0,0,0,0,0,0,,0,0,,0,0,0,0
1702655085934,1,1010123456002,71,,1,0,50,1,1,,0,0,0,0,0,0,8,,0,0,0,0,0,0,0,0,0,,0,0,,0,0,0,0
1702655086184,1,1010123456002,71,,1,0,50,1,1,,0,0,0,0,0,0,8.5,,0,0,0,0,0,0,0,0,0,,0,0,,0,0,0,0
1702655086434,1,1010123456002,71,,1,0,50,1,1,,0,0,0,0,0,0,8.33333,,0,0,0,0,0,0,0,0,0,,0,0,,0,0,0,0
1702655086684,1,1010123456002,71,,1,0,50,1,1,,0,0,0,0,0,0,8.14286,,0,0,0,0,0,0,0,0,0,,0,0,,0,0,0,0
1702655086934,1,1010123456002,71,,1,0,50,1,1,,0,0,0,0,0,0,8,,0,0,0,0,0,0,0,0,0,,0,0,,0,0,0,0
1702655087184,1,1010123456002,71,,1,0,50,1,1,,0,0,0,0,0,0,8.33333,,0,0,0,0,0,0,0,0,0,,0,0,,0,0,0,0
1702655087434,1,1010123456002,71,,1,0,50,1,1,,0,0,0,0,0,0,8.5,,0,0,0,0,0,0,0,0,0,,0,0,,0,0,0,0
1702655087684,1,1010123456002,71,,1,0,50,1,1,,0,0,0,0,0,0,8.42857,,0,0,0,0,0,0,0,0,0,,0,0,,0,0,0,0
1702655087934,1,1010123456002,71,,1,0,50,1,1,,0,0,0,0,0,0,8,,0,0,0,0,0,0,0,0,0,,0,0,,0,0,0,0
1702655088184,1,1010123456002,71,,1,0,50,1,1,,0,0,0,0,0,0,8.33333,,0,0,0,0,0,0,0,0,0,,0,0,,0,0,0,0
1702655088434,1,1010123456002,71,,1,0,50,1,1,,0,0,0,0,0,0,8.16667,,0,0,0,0,0,0,0,0,0,,0,0,,0,0,0,0
1702655088684,1,1010123456002,71,,1,0,50,1,1,,0,0,0,0,0,0,8.57143,,0,0,0,0,0,0,0,0,0,,0,0,,0,0,0,0
1702655088934,1,1010123456002,71,,1,0,50,1,1,,0,0,0,0,0,0,8.16667,,0,0,0,0,0,0,0,0,0,,0,0,,0,0,0,0
1702655089184,1,1010123456002,71,,1,0,50,1,1,,0,0,0,0,0,0,8.16667,,0,0,0,0,0,0,0,0,0,,0,0,,0,0,0,0
1702655089434,1,1010123456002,71,,1,0,50,1,1,,0,0,0,0,0,0,8.16667,,0,0,0,0,0,0,0,0,0,,0,0,,0,0,0,0
1702655089684,1,1010123456002,71,,1,0,50,1,1,,0,0,0,0,0,0,8.14286,,0,0,0,0,0,0,0,0,0,,0,0,,0,0,0,0
1702655089934,1,1010123456002,71,,1,0,50,1,1,,0,0,0,0,0,0,8.5,,0,0,0,0,0,0,0,0,0,,0,0,,0,0,0,0
1702655090184,1,1010123456002,71,,1,0,50,1,1,,0,0,0,0,0,0,8,,0,0,0,0,0,0,0,0,0,,0,0,,0,0,0,0
1702655090434,1,1010123456002,71,,1,0,50,1,1,,0,0,0,0,0,0,8.5,,0,0,0,0,0,0,0,0,0,,0,0,,0,0,0,0
1702655090684,1,1010123456002,71,,1,0,50,1,1,,0,0,0,0,0,0,8.28571,,0,0,0,0,0,0,0,0,0,,0,0,,0,0,0,0
1702655090934,1,1010123456002,71,,1,0,50,1,1,,0,0,0,0,0,0,8.33333,,0,0,0,0,0,0,0,0,0,,0,0,,0,0,0,0
1702655091184,1,1010123456002,71,,1,0,50,1,1,,0,0,0,0,0,0,8.16667,,0,0,0,0,0,0,0,0,0,,0,0,,0,0,0,0
1702655091434,1,1010123456002,71,,1,0,50,1,1,,0,0,0,0,0,0,8.16667,,0,0,0,0,0,0,0,0,0,,0,0,,0,0,0,0
1702655091684,1,1010123456002,71,,1,0,50,1,1,,0,0,0,0,0,0,8.57143,,0,0,0,0,0,0,0,0,0,,0,0,,0,0,0,0
1702655091934,1,1010123456002,71,,1,0,50,1,1,,0,0,0,0,0,0,8.5,,0,0,0,0,0,0,0,0,0,,0,0,,0,0,0,0
1702655092184,1,1010123456002,71,,1,0,50,1,1,,0,0,0,0,0,0,8.5,,0,0,0,0,0,0,0,0,0,,0,0,,0,0,0,0
1702655092434,1,1010123456002,71,,1,0,50,1,1,,0,0,0,0,0,0,8.5,,0,0,0,0,0,0,0,0,0,,0,0,,0,0,0,0
1702655092684,1,1010123456002,71,,1,0,50,1,1,,0,0,0,0,0,0,8.14286,,0,0,0,0,0,0,0,0,0,,0,0,,0,0,0,0
1702655092934,1,1010123456002,71,,1,0,50,1,1,,0,0,0,0,0,0,8,,0,0,0,0,0,0,0,0,0,,0,0,,0,0,0,0
1702655093184,1,1010123456002,71,,1,0,50,1,1,,0,0,0,0,0,0,8.16667,,0,0,0,0,0,0,0,0,0,,0,0,,0,0,0,0
1702655093434,1,1010123456002,71,,1,0,50,1,1,,0,0,0,0,0,0,8.33333,,0,0,0,0,0,0,0,0,0,,0,0,,0,0,0,0
1702655093684,1,1010123456002,71,,1,0,50,1,1,,0,0,0,0,0,0,8.28571,,0,0,0,0,0,0,0,0,0,,0,0,,0,0,0,0
1702655093934,1,1010123456002,71,,1,0,50,1,1,,0,0,0,0,0,0,8,,0,0,0,0,0,0,0,0,0,,0,0,,0,0,0,0
1702655094184,1,1010123456002,71,,1,0,50,1,1,,0,0,0,0,0,0,8.33333,,0,0,0,0,0,0,0,0,0,,0,0,,0,0,0,0
1702655094434,1,1010123456002,71,,1,0,50,1,1,,0,0,0,0,0,0,8.33333,,0,0,0,0,0,0,0,0,0,,0,0,,0,0,0,0
1702655094684,1,1010123456002,71,,1,0,50,1,1,,0,0,0,0,0,0,8.14286,,0,0,0,0,0,0,0,0,0,,0,0,,0,0,0,0
1702655094934,1,1010123456002,71,,1,0,50,1,1,,0,0,0,0,0,0,8,,0,0,0,0,0,0,0,0,0,,0,0,,0,0,0,0
1702655095184,1,1010123456002,71,,1,0,50,1,1,,0,0,0,0,0,0,8.16667,,0,0,0,0,0,0,0,0,0,,0,0,,0,0,0,0
1702655095434,1,1010123456002,71,,1,0,50,1,1,,0,0,0,0,0,0,8,,0,0,0,0,0,0,0,0,0,,0,0,,0,0,0,0
1702655095684,1,1010123456002,71,,1,0,50,1,1,,0,0,0,0,0,0,8,,0,0,0,0,0,0,0,0,0,,0,0,,0,0,0,0
1702655095934,1,1010123456002,71,,1,0,50,1,1,,0,0,0,0,0,0,8,,0,0,0,0,0,0,0,0,0,,0,0,,0,0,0,0
1702655096184,1,1010123456002,71,,1,0,50,1,1,,0,0,0,0,0,0,8.33333,,0,0,0,0,0,0,0,0,0,,0,0,,0,0,0,0
1702655096434,1,1010123456002,71,,1,0,50,1,1,,0,0,0,0,0,0,8.16667,,0,0,0,0,0,0,0,0,0,,0,0,,0,0,0,0
1702655096684,1,1010123456002,71,,1,0,50,1,1,,0,0,0,0,0,0,8.42857,,0,0,0,0,0,0,0,0,0,,0,0,,0,0,0,0
1702655096934,1,1010123456002,71,,1,0,50,1,1,,0,0,0,0,0,0,8.5,,0,0,0,0,0,0,0,0,0,,0,0,,0,0,0,0
1702655097184,1,1010123456002,71,,1,0,50,1,1,,0,0,0,0,0,0,8.16667,,0,0,0,0,0,0,0,0,0,,0,0,,0,0,0,0
1702655097434,1,1010123456002,71,,1,0,50,1,1,,0,0,0,0,0,0,8.16667,,0,0,0,0,0,0,0,0,0,,0,0,,0,0,0,0
1702655097684,1,1010123456002,71,,1,0,50,1,1,,0,0,0,0,0,0,8.28571,,0,0,0,0,0,0,0,0,0,,0,0,,0,0,0,0
1702655097934,1,1010123456002,71,,1,0,50,1,1,,0,0,0,0,0,0,8.33333,,0,0,0,0,0,0,0,0,0,,0,0,,0,0,0,0
1702655098184,1,1010123456002,71,,1,0,50,1,1,,0,0,0,0,0,0,8,,0,0,0,0,0,0,0,0,0,,0,0,,0,0,0,0
1702655098434,1,1010123456002,71,,1,0,50,1,1,,0,0,0,0,0,0,8.16667,,0,0,0,0,0,0,0,0,0,,0,0,,0,0,0,0
1702655098684,1,1010123456002,71,,1,0,50,1,1,,0,0,0,0,0,0,8,,0,0,0,0,0,0,0,0,0,,0,0,,0,0,0,0
1702655098934,1,1010123456002,71,,1,0,50,1,1,,0,0,0,0,0,0,8.16667,,0,0,0,0,0,0,0,0,0,,0,0,,0,0,0,0
1702655099184,1,1010123456002,71,,1,0,50,1,1,,0,0,0,0,0,0,8.16667,,0,0,0,0,0,0,0,0,0,,0,0,,0,0,0,0
1702655099434,1,1010123456002,71,,1,0,50,1,1,,0,0,0,0,0,0,8.33333,,0,0,0,0,0,0,0,0,0,,0,0,,0,0,0,0
1702655099684,1,1010123456002,71,,1,0,50,1,1,,0,0,0,0,0,0,8.57143,,0,0,0,0,0,0,0,0,0,,0,0,,0,0,0,0
1702655099934,1,1010123456002,71,,1,0,50,1,1,,0,0,0,0,0,0,8,,0,0,0,0,0,0,0,0,0,,0,0,,0,0,0,0
1702655100184,1,1010123456002,71,,1,0,50,1,1,,0,0,0,0,0,0,8.33333,,0,0,0,0,0,0,0,0,0,,0,0,,0,0,0,0
1702655100434,1,1010123456002,71,,1,0,50,1,1,,0,0,0,0,0,0,8.33333,,0,0,0,0,0,0,0,0,0,,0,0,,0,0,0,0
1702655100684,1,1010123456002,71,,1,0,50,1,1,,0,0,0,0,0,0,8.14286,,0,0,0,0,0,0,0,0,0,,0,0,,0,0,0,0
1702655100934,1,1010123456002,71,,1,0,50,1,1,,0,0,0,0,0,0,8.5,,0,0,0,0,0,0,0,0,0,,0,0,,0,0,0,0
1702655101184,1,1010123456002,71,,1,0,50,1,1,,0,0,0,0,0,0,8.16667,,0,0,0,0,0,0,0,0,0,,0,0,,0,0,0,0
1702655101434,1,1010123456002,71,,1,0,50,1,1,,0,0,0,0,0,0,8.5,,0,0,0,0,0,0,0,0,0,,0,0,,0,0,0,0
