Timestamp,dl_mcs,dl_n_samples,dl_buffer [bytes],tx_brate downlink [Mbps],tx_pkts downlink,tx_errors downlink (%),dl_cqi,ul_mcs,ul_n_samples,ul_buffer [bytes],rx_brate uplink [Mbps],rx_pkts uplink,rx_errors uplink (%),ul_sinr,phr,sum_requested_prbs,sum_granted_prbs,ul_turbo_iters
1.66922E+12,0,3,0,0.00102811,1,0,0.1,0,3,0,0.1,1,0,0,0,0,3,0
1.66922E+12,0,0,0,0,0,0,0.1,0,0,0,0,0,0,0,0,0,0,0
1.66922E+12,3.30435,23,0,0.002912,5,0,6,11.129,31,0,0.1,9,0,28.9441,31,0,18,1
1.66922E+12,0,0,0,0.001568,1,0,6.16667,12,4,0,0.1,1,0,31.7282,0,0,0,1
1.66922E+12,8,4,0,0.001568,1,0,6,13.2857,7,0,0.1,2,0,30.7244,31,0,3,1
1.66922E+12,8,4,0,0.001568,1,0,7.33333,13.2857,7,0,0.1,2,0,31.4244,31,0,3,1
1.66922E+12,0,0,0,0,0,0,7.5,0,0,0,0,0,0,0,0,0,0,0
1.66922E+12,9,4,0,0.003744,1,0,7.71429,12.1429,7,0,0.1,2,0,31.2888,31,0,6,1
1.66922E+12,10.0625,32,0,0.030592,8,0,7.66667,14.4068,59,0,0.551328,17,0,27.4916,31,0,48,1
1.66922E+12,9.68966,87,87,0.096928,25,0,7.66667,15.2049,122,0,1.48365,35,0,26.1379,31,0,138,1
1.66922E+12,10.7905,148,0,0.249088,44,0,7.66667,14.8861,79,0,0.82656,23,0,26.8861,31,173,309,1
1.66922E+12,12.36,25,0,0.03792,7,0,8,12.8519,27,0,0.1,8,0,31.4755,31,24,51,1
1.66922E+12,12.4952,105,0,0.330688,30,0,7.83333,14.9077,65,0,0.727296,19,0,26.8445,31,399,366,1
1.66922E+12,0,0,0,0,0,0,7.83333,0,0,0,0,0,0,0,0,0,0,0
1.66922E+12,0,0,0,0,0,0,8,0,0,0,0,0,0,0,0,0,0,0
1.66922E+12,0,0,0,0,0,0,8,0,0,0,0,0,0,0,0,0,0,0
1.66922E+12,0,0,0,0,0,0,8,0,0,0,0,0,0,0,0,0,0,0
1.66922E+12,0,0,0,0,0,0,8,0,0,0,0,0,0,0,0,0,0,0
1.66922E+12,0,0,0,0,0,0,8.16667,0,0,0,0,0,0,0,0,0,0,0
1.66922E+12,0,0,0,0,0,0,8,0,0,0,0,0,0,0,0,0,0,0
1.66922E+12,0,0,0,0,0,0,8,0,0,0,0,0,0,0,0,0,0,0
1.66922E+12,0,0,0,0,0,0,8,0,0,0,0,0,0,0,0,0,0,0
1.66922E+12,0,0,0,0,0,0,8,0,0,0,0,0,0,0,0,0,0,0
1.66922E+12,0,0,0,0,0,0,8,13.8571,7,0,0.1,2,0,32.3211,31,0,0,1
1.66922E+12,0,0,0,0,0,0,8,0,0,0,0,0,0,0,0,0,0,0
1.66922E+12,10.7143,49,0,0.12608,14,0,8,15.6966,89,0,1.29594,26,0,26.4128,31,104,150,1
1.66922E+12,12,4,0,0.002336,1,0,8,0,0,0,0,0,0,0,0,3,3,0
1.66922E+12,0,0,0,0,0,0,7.71429,12.1429,7,0,0.1,2,0,32.6355,31,0,0,1
1.66922E+12,0,0,0,0,0,0,7.5,0,0,0,0,0,0,0,0,0,0,0
1.66922E+12,10.3056,36,0,0.020032,10,0,7.33333,15.2,55,0,0.65184,16,0,27.5133,31,30,30,1
1.66922E+12,11.1429,21,0,0.024864,6,0,7.16667,13.8571,7,0,0.1,2,0,31.9135,31,22,33,1
1.66922E+12,12,11,0,0.007008,3,0,7.14286,14.8269,52,0,0.624864,15,0,27.2888,31,9,9,1
1.66922E+12,10.0714,14,0,0.007712,4,0,7,14.4286,7,0,0.1,2,0,31.6035,31,12,12,1
1.66922E+12,0,0,0,0,0,0,7,12.1429,7,0,0.1,2,0,32.257,31,0,0,1
1.66922E+12,11.6364,11,0,0.006688,3,0,7,12.1429,14,0,0.1,4,0,31.1171,31,9,9,1
1.66922E+12,0,0,0,0,0,0,6.57143,0,0,0,0,0,0,0,0,0,0,0
1.66922E+12,0,0,0,0,0,0,6.66667,0,0,0,0,0,0,0,0,0,0,0
1.66922E+12,0,0,0,0,0,0,6.5,0,0,0,0,0,0,0,0,0,0,0
1.66922E+12,0,0,0,0,0,0,6.33333,0,0,0,0,0,0,0,0,0,0,0
1.66922E+12,0,0,0,0,0,0,6.28571,0,0,0,0,0,0,0,0,0,0,0
1.66922E+12,0,0,0,0,0,0,6.66667,0,0,0,0,0,0,0,0,0,0,0
1.66922E+12,0,0,0,0,0,0,6.66667,0,0,0,0,0,0,0,0,0,0,0
1.66922E+12,0,0,0,0,0,0,6.66667,0,0,0,0,0,0,0,0,0,0,0
1.66922E+12,0,0,0,0,0,0,6.28571,0,0,0,0,0,0,0,0,0,0,0
1.66922E+12,0,0,0,0,0,0,6.66667,0,0,0,0,0,0,0,0,0,0,0
1.66922E+12,8,4,0,0.001568,1,0,6.5,13.2857,7,0,0.1,2,0,31.6105,31,3,3,1
1.66922E+12,0,0,0,0,0,0,6.16667,0,0,0,0,0,0,0,0,0,0,0
1.66922E+12,0,0,0,0,0,0,6.71429,15.8158,38,0,0.58224,11,0,24.4427,31,0,0,1
1.66922E+12,12,7,0,0.004672,2,0,6.5,12.1429,7,0,0.1,2,0,31.2374,31,6,6,1
1.66922E+12,0,0,0,0,0,0,6.5,0,0,0,0,0,0,0,0,0,0,0
1.66922E+12,0,0,0,0,0,0,6.33333,0,0,0,0,0,0,0,0,0,0,0
1.66922E+12,10.0714,14,0,0.007712,4,0,6.42857,12.1429,7,0,0.1,2,0,30.8969,31,12,12,1
1.66922E+12,0,0,0,0,0,0,6.66667,0,0,0,0,0,0,0,0,0,0,0
1.66922E+12,0,0,0,0,0,0,6.66667,0,0,0,0,0,0,0,0,0,0,0
1.66922E+12,0,0,0,0,0,0,6.66667,0,0,0,0,0,0,0,0,0,0,0
1.66922E+12,0,0,0,0,0,0,6.85714,0,0,0,0,0,0,0,0,0,0,0
1.66922E+12,0,0,0,0,0,0,6.5,0,0,0,0,0,0,0,0,0,0,0
1.66922E+12,0,0,0,0,0,0,6.16667,0,0,0,0,0,0,0,0,0,0,0
1.66922E+12,0,0,0,0,0,0,6.66667,0,0,0,0,0,0,0,0,0,0,0
1.66922E+12,0,0,0,0,0,0,6.71429,0,0,0,0,0,0,0,0,0,0,0
1.66922E+12,0,0,0,0,0,0,6.5,0,0,0,0,0,0,0,0,0,0,0
1.66922E+12,0,0,0,0,0,0,6.66667,0,0,0,0,0,0,0,0,0,0,0
1.66922E+12,0,0,0,0,0,0,6.5,0,0,0,0,0,0,0,0,0,0,0
1.66922E+12,0,0,0,0,0,0,6.71429,0,0,0,0,0,0,0,0,0,0,0
1.66922E+12,0,0,0,0,0,0,6.83333,0,0,0,0,0,0,0,0,0,0,0
1.66922E+12,8,4,0,0.001568,1,0,6.83333,13.2857,7,0,0.1,2,0,31.6924,31,3,3,1
1.66922E+12,5.28571,7,0,0.002368,2,0,6.83333,15.2857,42,0,0.58496,12,0,25.999,31,6,6,1
1.66922E+12,0,0,0,0,0,0,7,15.8158,38,0,0.58224,11,0,25.2592,31,0,0,1
1.66922E+12,0,0,0,0,0,0,7,0,0,0,0,0,0,0,0,0,0,0
1.66922E+12,0,0,0,0,0,0,7,12.1429,7,0,0.1,2,0,31.685,31,0,0,1
1.66922E+12,12,4,0,0.002336,1,0,7,15.8158,38,0,0.606208,11,0,25.2341,31,3,3,1
1.66922E+12,11,65,0,0.121344,19,0,7,15.2292,48,0,0.64304,14,0,26.4794,31,123,159,1
1.66922E+12,9.6,15,0,0.007712,4,0,7,12.1429,7,0,0.1,2,0,31.6753,31,12,12,1
1.66922E+12,0,0,0,0,0,0,7,0,0,0,0,0,0,0,0,0,0,0
1.66922E+12,0,0,0,0,0,0,6.83333,0,0,0,0,0,0,0,0,0,0,0
1.66922E+12,0,0,0,0,0,0,6.71429,0,0,0,0,0,0,0,0,0,0,0
1.66922E+12,0,0,0,0,0,0,6.33333,0,0,0,0,0,0,0,0,0,0,0
1.66922E+12,0,0,0,0,0,0,6.5,0,0,0,0,0,0,0,0,0,0,0
1.66922E+12,0,0,0,0,0,0,6.66667,0,0,0,0,0,0,0,0,0,0,0
1.66922E+12,0,0,0,0,0,0,6.57143,0,0,0,0,0,0,0,0,0,0,0
1.66922E+12,0,0,0,0,0,0,6.83333,0,0,0,0,0,0,0,0,0,0,0
1.66922E+12,0,0,0,0,0,0,6.83333,15.8158,38,0,0.585312,11,0,25.0099,31,0,0,1
1.66922E+12,11.6364,11,0,0.006688,3,0,7,14.9167,48,0,0.604736,14,0,26.7189,31,9,9,1
1.66922E+12,10.0714,14,0,0.007712,4,0,7,0,3,0,0.1,1,0,0,0,12,12,0
1.66922E+12,0,0,0,0,0,0,7,15.8158,38,0,0.58224,11,0,25.67,31,0,0,1
1.66922E+12,11.5714,7,0,0.004352,2,0,7,12.1429,7,0,0.1,2,0,32.0316,31,6,6,1
1.66922E+12,8.92857,14,0,0.006944,4,0,6.83333,12.7143,14,0,0.1,4,0,32.5096,31,12,12,1
1.66922E+12,12,4,0,0.002336,1,0,6.42857,0,0,0,0,0,0,0,0,3,3,0
1.66922E+12,0,0,0,0,0,0,6.83333,0,0,0,0,0,0,0,0,0,0,0
1.66922E+12,9.85714,7,0,0.003648,2,0,7,13.8571,14,0,0.1,4,0,31.8005,31,6,6,1
1.66922E+12,11.4308,65,0,0.112576,16,0,7,15.1803,61,0,0.792224,18,0,28.0224,31,105,156,1
1.66922E+12,10.8615,65,0,0.161792,22,0,7,13.3529,17,0,0.1,5,0,32.0857,31,167,204,1
1.66922E+12,0,0,0,0,0,0,7,0,0,0,0,0,0,0,0,0,0,0
1.66922E+12,0,0,0,0,0,0,7,0,0,0,0,0,0,0,0,0,0,0
1.66922E+12,11.2381,21,0,0.037568,6,0,7,12.2353,17,0,0.1,5,0,33.1379,31,33,48,1
1.66922E+12,9.68421,19,0,0.009696,5,0,7,13.0952,21,0,0.1,6,0,32.7335,31,15,15,1
1.66922E+12,12,4,0,0.002336,1,0,7,0,0,0,0,0,0,0,0,3,3,0
1.66922E+12,0,0,0,0,0,0,7,0,0,0,0,0,0,0,0,0,0,0
1.66922E+12,0,0,0,0,0,0,6.83333,0,0,0,0,0,0,0,0,0,0,0
1.66922E+12,0,0,0,0,0,0,6.85714,0,0,0,0,0,0,0,0,0,0,0
1.66922E+12,0,0,0,0,0,0,6.5,0,0,0,0,0,0,0,0,0,0,0
1.66922E+12,0,0,0,0,0,0,6,15.8158,38,0,0.58224,11,0,28.273,31,0,0,1
1.66922E+12,5.71429,14,0,0.004608,4,0,6,12.1429,7,0,0.1,2,0,33.9754,31,12,12,1
1.66922E+12,0,0,0,0,0,0,6,13.2857,7,0,0.1,2,0,33.6033,31,0,0,1
1.66922E+12,9.32,25,0,0.01248,7,0,6.16667,14.7143,14,0,0.1,4,0,32.8808,31,21,21,1
1.66922E+12,9.08163,98,0,0.194304,28,0,6,14.7636,55,0,0.646656,16,0,30.3457,31,281,306,1
1.66922E+12,8,4,0,0.001568,1,0,6,13.2857,7,0,0.1,2,0,34.3175,31,3,3,1
1.66922E+12,0,0,0,0,0,0,6.14286,0,0,0,0,0,0,0,0,0,0,0
1.66922E+12,0,0,0,0,0,0,5.83333,0,0,0,0,0,0,0,0,0,0,0
1.66922E+12,0,0,0,0,0,0,6,0,0,0,0,0,0,0,0,0,0,0
1.66922E+12,0,0,0,0,0,0,6,0,0,0,0,0,0,0,0,0,0,0
1.66922E+12,0,0,0,0,0,0,5.85714,0,0,0,0,0,0,0,0,0,0,0
1.66922E+12,0,0,0,0,0,0,5.16667,0,0,0,0,0,0,0,0,0,0,0
1.66922E+12,0,0,0,0,0,0,5,0,0,0,0,0,0,0,0,0,0,0
1.66922E+12,0,0,0,0,0,0,5,0,0,0,0,0,0,0,0,0,0,0
1.66922E+12,0,0,0,0,0,0,5,0,0,0,0,0,0,0,0,0,0,0
1.66922E+12,0,0,0,0,0,0,5,0,0,0,0,0,0,0,0,0,0,0
1.66922E+12,0,0,0,0,0,0,5,0,0,0,0,0,0,0,0,0,0,0
1.66922E+12,0,0,0,0,0,0,5,0,0,0,0,0,0,0,0,0,0,0
1.66922E+12,0,0,0,0,0,0,5.14286,0,0,0,0,0,0,0,0,0,0,0
1.66922E+12,0,0,0,0,0,0,5.16667,0,0,0,0,0,0,0,0,0,0,0
1.66922E+12,0,0,0,0,0,0,5,0,0,0,0,0,0,0,0,0,0,0
1.66922E+12,0,0,0,0,0,0,5,0,0,0,0,0,0,0,0,0,0,0
1.66922E+12,0,0,0,0,0,0,5,0,0,0,0,0,0,0,0,0,0,0
1.66922E+12,0,0,0,0,0,0,5,0,0,0,0,0,0,0,0,0,0,0
1.66922E+12,0,0,0,0,0,0,5,15.8158,38,0,0.58224,11,0,30.1967,31,0,0,1
1.66922E+12,6.77778,18,0,0.006272,5,0,5,14.4286,7,0,0.1,2,0,33.3656,31,15,15,1
1.66922E+12,0,0,0,0,0,0,5,0,0,0,0,0,0,0,0,0,0,0
1.66922E+12,0,0,0,0,0,0,5,0,0,0,0,0,0,0,0,0,0,0
1.66922E+12,5.34615,52,0,0.016,15,0,5,14.7551,49,0,0.555808,14,0,31.7078,31,45,45,1
1.66922E+12,6.35897,273,0,0.34096,78,0,5,14.8404,94,0,0.969312,27,0,31.9621,31,955,753,1
1.66922E+12,6.7,70,0,0.058688,20,0,5,15.5,28,0,0.345568,8,0,31.1839,31,82,129,1
1.66922E+12,6.91459,281,0,0.483872,80,0,5.16667,14.9189,37,0,0.275936,11,0,32.7147,31,1205,1005,1
1.66922E+12,6.59813,214,0,0.299616,61,0,5,15.1165,103,0,1.27261,30,0,30.9649,31,1010,645,1
1.66922E+12,5.72,25,0,0.023072,7,0,5.33333,11.5714,7,0,0.1,2,0,34.957,31,26,51,1
1.66922E+12,0,0,0,0,0,0,6,0,0,0,0,0,0,0,0,0,0,0
1.66922E+12,0,0,0,0,0,0,5.33333,0,0,0,0,0,0,0,0,0,0,0
1.66922E+12,0,0,0,0,0,0,5.16667,0,0,0,0,0,0,0,0,0,0,0
1.66922E+12,0,0,0,0,0,0,5,0,0,0,0,0,0,0,0,0,0,0
1.66922E+12,0,0,0,0,0,0,5,0,0,0,0,0,0,0,0,0,0,0
1.66922E+12,0,0,0,0,0,0,5.16667,0,0,0,0,0,0,0,0,0,0,0
1.66922E+12,0,0,0,0,0,0,5.33333,0,0,0,0,0,0,0,0,0,0,0
1.66922E+12,0,0,0,0,0,0,5.83333,15.7083,24,0,0.341088,7,0,29.5813,31,0,0,1
1.66922E+12,0,0,0,0,0,0,5.85714,15.8654,52,0,0.829536,15,0,29.1211,31,0,0,1
1.66922E+12,8.29032,31,0,0.01424,9,0,5.83333,12.1429,7,0,0.1,2,0,34.5196,31,27,27,1
1.66922E+12,0,0,0,0,0,0,5.83333,0,0,0,0,0,0,0,0,0,0,0
1.66922E+12,7.45455,11,0,0.00416,3,0,5.66667,13.2857,7,0,0.1,2,0,34.8908,31,9,9,1
1.66922E+12,0,0,0,0,0,0,5.57143,12.1429,7,0,0.1,2,0,35.9074,31,0,0,1
1.66922E+12,8.11765,17,0,0.01504,5,0,5.83333,14.4286,7,0,0.1,2,0,33.8218,31,17,30,1
1.66922E+12,8.16667,24,0,0.02528,7,0,5.5,13.5714,14,0,0.1,4,0,34.1318,31,31,42,1
1.66922E+12,9.08333,24,0,0.011584,7,0,5.83333,12.1429,7,0,0.1,2,0,34.3493,31,21,21,1
1.66922E+12,0,0,0,0,0,0,5.71429,0,0,0,0,0,0,0,0,0,0,0
1.66922E+12,0,0,0,0,0,0,5.5,0,0,0,0,0,0,0,0,0,0,0
1.66922E+12,0,0,0,0,0,0,5.83333,0,3,0,0.1,1,0,0,31,0,0,0
1.66922E+12,0,0,0,0,0,0,5.83333,0,0,0,0,0,0,0,0,0,0,0
1.66922E+12,0,0,0,0,0,0,6,0,0,0,0,0,0,0,0,0,0,0
1.66922E+12,0,0,0,0,0,0,6,0,0,0,0,0,0,0,0,0,0,0
1.66922E+12,0,0,0,0,0,0,5.66667,0,0,0,0,0,0,0,0,0,0,0
1.66922E+12,0,0,0,0,0,0,5.83333,0,0,0,0,0,0,0,0,0,0,0
1.66922E+12,0,0,0,0,0,0,5.71429,0,0,0,0,0,0,0,0,0,0,0
1.66922E+12,0,0,0,0,0,0,6,0,0,0,0,0,0,0,0,0,0,0
1.66922E+12,0,0,0,0,0,0,5.83333,0,0,0,0,0,0,0,0,0,0,0
1.66922E+12,0,0,0,0,0,0,5.83333,14.1429,14,0,0.1,4,0,34.2676,31,0,0,1
1.66922E+12,9.71338,157,0,0.365952,41,0,5.71429,15.5545,101,0,1.43398,29,0,29.9825,31,791,630,1
1.66922E+12,8.41428,210,33,0.380192,56,0,5.83333,14.6897,29,0,0.247968,8,0,31.9323,31,650,660,1
1.66922E+12,9.9185,319,1665,0.507424,96,0,6,15.2405,158,144276,1.97229,45,0,30.9598,31,658,792,1
1.66922E+12,10.082,366,0,0.889824,107,0,6,15.6163,172,0,2.49181,50,0,30.439,31,1777,1293,1
1.66922E+12,10.0913,230,0,0.5392,67,0,6,14.6667,75,0,0.788096,22,0,32.1297,31,910,816,1
1.66922E+12,10.2759,145,0,0.327712,42,0,6,15,58,0,0.486976,17,0,32.1912,31,626,495,1
1.66922E+12,10.2406,187,0,0.424384,53,0,6.16667,13.6042,48,0,0.28464,14,0,33.3796,31,606,621,1
1.66922E+12,8.69388,49,0,0.094304,14,0,6.33333,15.5882,51,0,0.713824,15,0,30.2012,31,85,150,1
1.66922E+12,10.3624,149,0,0.377248,43,0,6.42857,14.9861,72,0,0.817024,21,0,31.2003,31,489,555,1
1.66922E+12,9.21429,28,0,0.013568,8,0,6.33333,15,7,0,0.1,2,0,33.9372,31,24,24,1
1.66922E+12,10.6829,41,0,0.083328,12,0,6.16667,15.2292,48,0,0.66832,14,0,30.4009,31,128,123,1
1.66922E+12,9.47619,21,0,0,0,0,6,0,0,0,0,0,0,0,0,20,33,0
1.66922E+12,9.92617,298,1910,0.56736,84,0,6,14.8101,79,0,0.871488,23,0,31.6838,31,1016,984,1
1.66922E+12,9.74455,321,1261,0.788032,92,0,6,14.3793,116,0,1.24141,34,0,31.8804,31,1056,1197,1
1.66922E+12,10.3312,471,4443,1.25549,135,0,6,15.7115,104,144801,1.49245,30,0,30.4978,31,2822,1905,1
1.66922E+12,10.4155,621,1239,1.64995,181,0,6,15.3457,188,0,2.52493,54,0,30.9024,31,4074,2406,1
1.66922E+12,10.476,563,0,1.80157,165,0,6.14286,15.2647,136,0,1.75206,39,0,31.0603,31,4859,2598,1
1.66922E+12,10.4273,433,180,1.12819,116,0,6,15.56,125,0,1.66122,36,0,30.8572,31,2910,1821,1
1.66922E+12,9.68649,185,0,0.368,61,0,6,15.2577,97,0,1.22675,28,0,31.1132,31,294,441,1
1.66922E+12,10.173,370,3512,1.00054,99,0,6,14.6301,73,0,0.85632,21,0,31.3343,31,3742,1653,1
1.66922E+12,10.1008,119,0,0.342528,41,0,6.14286,15.8916,83,0,1.28986,24,0,30.0735,31,340,363,1
1.66922E+12,9.71223,139,0,0.188736,39,0,6,14.2041,49,0,0.288448,14,0,33.5688,31,168,294,1
1.66922E+12,0,0,0,0,0,0,6.16667,0,0,0,0,0,0,0,0,0,0,0
1.66922E+12,9.09091,11,0,0.015584,3,0,6,13.2857,14,0,0.1,4,0,34.8992,31,11,24,1
1.66922E+12,0,0,0,0,0,0,6,0,0,0,0,0,0,0,0,0,0,0
1.66922E+12,0,0,0,0,0,0,6,0,0,0,0,0,0,0,0,0,0,0
1.66922E+12,0,0,0,0,0,0,6,0,0,0,0,0,0,0,0,0,0,0
1.66922E+12,0,0,0,0,0,0,6,0,0,0,0,0,0,0,0,0,0,0
1.66922E+12,0,0,0,0,0,0,6,0,0,0,0,0,0,0,0,0,0,0
1.66922E+12,0,0,0,0,0,0,6,0,0,0,0,0,0,0,0,0,0,0
1.66922E+12,0,0,0,0,0,0,6,0,0,0,0,0,0,0,0,0,0,0
1.66922E+12,9,4,0,0.001824,1,0,5.83333,15.9211,38,0,0.61312,11,0,29.6356,31,3,3,1
1.66922E+12,8.53333,30,0,0.0448,9,0,5.85714,15.8158,76,0,1.17318,22,0,29.3811,31,39,78,1
1.66922E+12,8.96429,28,0,0.024096,8,0,5.83333,12.4286,14,0,0.1,4,0,34.3124,31,26,39,1
1.66922E+12,0,0,0,0,0,0,5.83333,0,0,0,0,0,0,0,0,0,0,0
1.66922E+12,0,0,0,0,0,0,5.66667,0,0,0,0,0,0,0,0,0,0,0
1.66922E+12,0,0,0,0,0,0,5.85714,0,0,0,0,0,0,0,0,0,0,0
1.66922E+12,0,0,0,0,0,0,6,0,0,0,0,0,0,0,0,0,0,0
1.66922E+12,0,0,0,0,0,0,5.66667,0,0,0,0,0,0,0,0,0,0,0
1.66922E+12,0,0,0,0,0,0,5.66667,15.8158,38,0,0.58224,11,0,29.5051,31,0,0,1
1.66922E+12,8.3,10,0,0.004608,3,0,5.85714,12.1429,7,0,0.1,2,0,33.9336,31,9,9,1
1.66922E+12,8.35294,17,0,0.007584,5,0,5.83333,12.1429,7,0,0.1,2,0,35.3418,31,15,15,1
1.66922E+12,0,0,0,0,0,0,5.5,0,0,0,0,0,0,0,0,0,0,0
1.66922E+12,8,4,0,0.001568,1,0,5.83333,13.2857,7,0,0.1,2,0,35.4326,31,3,3,1
1.66922E+12,0,0,0,0,0,0,5.71429,0,0,0,0,0,0,0,0,0,0,0
1.66922E+12,0,0,0,0,0,0,5.5,0,0,0,0,0,0,0,0,0,0,0
1.66922E+12,0,0,0,0,0,0,5.5,0,0,0,0,0,0,0,0,0,0,0
1.66922E+12,0,0,0,0,0,0,6,0,0,0,0,0,0,0,0,0,0,0
1.66922E+12,0,0,0,0,0,0,5.85714,0,0,0,0,0,0,0,0,0,0,0
1.66922E+12,0,0,0,0,0,0,6,0,0,0,0,0,0,0,0,0,0,0
1.66922E+12,0,0,0,0,0,0,5.83333,0,0,0,0,0,0,0,0,0,0,0
1.66922E+12,0,0,0,0,0,0,6,0,0,0,0,0,0,0,0,0,0,0
1.66922E+12,0,0,0,0,0,0,6,0,0,0,0,0,0,0,0,0,0,0
1.66922E+12,0,0,0,0,0,0,6,0,0,0,0,0,0,0,0,0,0,0
1.66922E+12,0,0,0,0,0,0,6.16667,0,0,0,0,0,0,0,0,0,0,0
1.66922E+12,0,0,0,0,0,0,6,0,0,0,0,0,0,0,0,0,0,0
1.66922E+12,0,0,0,0,0,0,6,0,0,0,0,0,0,0,0,0,0,0
1.66922E+12,5.71429,14,0,0.004608,4,0,6,15.2444,45,0,0.602016,13,0,30.8648,31,12,12,1
1.66922E+12,0,0,0,0,0,0,6,0,0,0,0,0,0,0,0,0,0,0
1.66922E+12,7.66667,18,0,0.005344,3,0,5.83333,12.1429,7,0,0.1,2,0,34.7495,31,15,15,1
1.66922E+12,0,0,0,0.00224,2,0,5.85714,0,0,0,0,0,0,0,0,0,0,0
1.66922E+12,0,0,0,0,0,0,5.83333,0,0,0,0,0,0,0,0,0,0,0
1.66922E+12,0,0,0,0,0,0,6,0,0,0,0,0,0,0,0,0,0,0
1.66922E+12,7.14286,7,0,0.002592,2,0,6,12.1429,7,0,0.1,2,0,34.4228,31,6,6,1
1.66922E+12,8,4,0,0.001568,1,0,6,13.2857,7,0,0.1,2,0,34.2814,31,3,3,1
1.66922E+12,0,0,0,0,0,0,5.83333,0,0,0,0,0,0,0,0,0,0,0
1.66922E+12,0,0,0,0,0,0,6,0,0,0,0,0,0,0,0,0,0,0
1.66922E+12,0,0,0,0,0,0,5.66667,0,0,0,0,0,0,0,0,0,0,0
1.66922E+12,0,0,0,0,0,0,5.71429,0,0,0,0,0,0,0,0,0,0,0
1.66922E+12,0,0,0,0,0,0,5.66667,15.8158,38,0,0.585312,11,0,27.8662,31,0,0,1
1.66922E+12,6.14286,14,0,0.00464,4,0,5.5,15.2444,45,0,0.602016,13,0,28.9198,31,12,12,1
1.66922E+12,6.06452,31,0,0.010048,9,0,5.5,12.1429,7,0,0.1,2,0,34.5214,31,27,27,1
1.66922E+12,0,0,0,0,0,0,5.71429,0,0,0,0,0,0,0,0,0,0,0
1.66922E+12,0,0,0,0,0,0,5.16667,0,0,0,0,0,0,0,0,0,0,0
1.66922E+12,8.77778,18,0,0.037888,5,0,5.5,13.2857,7,0,0.1,2,0,34.1942,31,34,60,1
1.66922E+12,0,0,0,0,0,0,5,15,14,0,0.1,4,0,31.8711,31,0,0,1
1.66922E+12,6.37624,101,0,0.07952,29,0,5.14286,15.0645,62,0,0.669376,18,0,30.3306,31,110,177,1
1.66922E+12,6.06897,87,0,0.072032,25,0,5,13.3125,16,0,0.1,5,0,33.2227,31,94,165,1
1.66922E+12,6.26415,53,0,0.033216,15,0,5.33333,13.4286,28,0,0.10624,8,0,33.1381,31,52,75,1
1.66922E+12,5.82857,70,0,0.045856,20,0,5,13.6667,21,0,0.1,6,0,33.4468,31,70,108,1
1.66922E+12,6.20339,59,0,0.038496,17,0,5,15,56,0,0.627392,16,0,30.5039,31,64,87,1
1.66922E+12,6.75,32,0,0.026496,9,0,5,12.1429,7,0,0.1,2,0,34.5561,31,34,57,1
1.66922E+12,0,0,0,0,0,0,5,0,0,0,0,0,0,0,0,0,0,0
1.66922E+12,0,0,0,0,0,0,5,0,0,0,0,0,0,0,0,0,0,0
1.66922E+12,4.42857,7,0,0.001664,2,0,5.14286,13.8,10,0,0.1,3,0,34.0741,31,6,6,1
1.66922E+12,0,0,0,0,0,0,5,0,0,0,0,0,0,0,0,0,0,0
1.66922E+12,0,0,0,0,0,0,5,0,0,0,0,0,0,0,0,0,0,0
1.66922E+12,4.61905,21,0,0.005664,6,0,5,14.7143,14,0,0.1,4,0,32.381,31,18,18,1
1.66922E+12,6.06818,44,0,0.050656,13,0,4.71429,11.5714,21,0,0.1,6,0,34.0524,31,73,111,1
1.66922E+12,5.71429,7,0,0.009696,2,0,4.33333,12.4286,7,0,0.1,2,0,34.0371,31,7,21,1
1.66922E+12,5.20588,136,0,0.202464,39,0,4.33333,14.4286,7,0,0.1,2,0,33.1915,31,1114,600,1
1.66922E+12,5,14,0,0.003584,4,0,4.16667,0,0,0,0,0,0,0,0,12,12,0
1.66922E+12,0,0,0,0,0,0,4,0,0,0,0,0,0,0,0,0,0,0
1.66922E+12,0,0,0,0,0,0,4,0,0,0,0,0,0,0,0,0,0,0
1.66922E+12,0,0,0,0,0,0,4,0,0,0,0,0,0,0,0,0,0,0
1.66922E+12,4.25,32,0,0.005056,6,0,4,12.9412,17,0,0.1,5,0,34.5163,31,27,27,1
1.66922E+12,4.69231,78,0,0.02144,25,0,4,14.875,56,0,0.649376,16,0,30.4484,31,66,66,1
1.66922E+12,4.65476,84,0,0.036512,24,0,4,12.1765,17,0,0.1,5,0,33.9926,31,80,117,1
1.66922E+12,4.5875,80,0,0.030112,23,0,4.16667,12.7778,18,0,0.1,5,0,33.7159,31,79,102,1
1.66922E+12,0,0,0,0,0,0,4,0,0,0,0,0,0,0,0,0,0,0
1.66922E+12,0,0,0,0,0,0,4,15.7778,45,0,0.632736,13,0,29.3733,31,0,0,1
1.66922E+12,4.61644,73,0,0.036192,21,0,4,15.7111,45,0,0.621856,13,0,29.2733,31,86,120,1
1.66922E+12,4.63636,11,0,0.002624,3,0,4,12.1429,7,0,0.1,2,0,35.4643,31,9,9,1
1.66922E+12,0,0,0,0,0,0,4,0,0,0,0,0,0,0,0,0,0,0
1.66922E+12,4.57143,7,0,0.001728,2,0,4.14286,13.2857,7,0,0.1,2,0,33.7191,31,6,6,1
1.66922E+12,0,0,0,0,0,0,4,0,0,0,0,0,0,0,0,0,0,0
1.66922E+12,0,0,0,0,0,0,4.16667,0,0,0,0,0,0,0,0,0,0,0
1.66922E+12,0,0,0,0,0,0,4,0,0,0,0,0,0,0,0,0,0,0
1.66922E+12,0,0,0,0,0,0,4,0,0,0,0,0,0,0,0,0,0,0
1.66922E+12,0,0,0,0,0,0,4,0,0,0,0,0,0,0,0,0,0,0
1.66922E+12,0,0,0,0,0,0,4,0,0,0,0,0,0,0,0,0,0,0
1.66922E+12,0,0,0,0,0,0,4,0,0,0,0,0,0,0,0,0,0,0
1.66922E+12,0,0,0,0,0,0,4,0,0,0,0,0,0,0,0,0,0,0
1.66922E+12,0,0,0,0,0,0,4,0,0,0,0,0,0,0,0,0,0,0
1.66922E+12,0,0,0,0,0,0,4,0,0,0,0,0,0,0,0,0,0,0
1.66922E+12,0,0,0,0,0,0,4,0,0,0,0,0,0,0,0,0,0,0
1.66922E+12,0,0,0,0,0,0,4.28571,0,0,0,0,0,0,0,0,0,0,0
1.66922E+12,0,0,0,0,0,0,4,0,0,0,0,0,0,0,0,0,0,0
1.66922E+12,4.8875,80,0,0.029952,23,0,4,14.4286,7,0,0.1,2,0,33.026,31,73,99,1
1.66922E+12,0,0,0,0,0,0,4.16667,0,0,0,0,0,0,0,0,0,0,0
1.66922E+12,0,0,0,0,0,0,4,0,0,0,0,0,0,0,0,0,0,0
1.66922E+12,0,0,0,0,0,0,4.33333,15.8158,38,0,0.568096,11,0,28.8026,31,0,0,1
1.66922E+12,0,0,0,0,0,0,4.33333,0,0,0,0,0,0,0,0,0,0,0
1.66922E+12,0,0,0,0,0,0,4.66667,0,0,0,0,0,0,0,0,0,0,0
1.66922E+12,4.42857,7,0,0.001664,2,0,4.71429,13.2857,7,0,0.1,2,0,33.9529,31,6,6,1
1.66922E+12,0,0,0,0,0,0,5,0,0,0,0,0,0,0,0,0,0,0
1.66922E+12,0,0,0,0,0,0,4.83333,0,0,0,0,0,0,0,0,0,0,0
1.66922E+12,0,0,0,0,0,0,4.66667,0,0,0,0,0,0,0,0,0,0,0
1.66922E+12,0,0,0,0,0,0,4.85714,0,0,0,0,0,0,0,0,0,0,0
1.66922E+12,0,0,0,0,0,0,4.66667,0,0,0,0,0,0,0,0,0,0,0
1.66922E+12,0,0,0,0,0,0,4.83333,0,0,0,0,0,0,0,0,0,0,0
1.66922E+12,0,0,0,0,0,0,5,0,0,0,0,0,0,0,0,0,0,0
1.66922E+12,0,0,0,0,0,0,5,0,0,0,0,0,0,0,0,0,0,0
1.66922E+12,0,0,0,0,0,0,5,0,3,0,0.1,1,0,0,31,0,0,0
1.66922E+12,0,0,0,0,0,0,5.16667,15.8857,35,0,0.55104,10,0,27.1158,0,0,0,1
1.66922E+12,0,0,0,0,0,0,5,0,0,0,0,0,0,0,0,0,0,0
1.66922E+12,6.84,25,35,0,0,0,5,15.8158,38,512,0.568096,11,0,27.323,31,31,57,1
1.66922E+12,7,7,0,0.028,9,0,5.16667,14.5714,7,0,0.1,2,0,32.3681,31,3,3,1
1.66922E+12,0,0,0,0,0,0,5.16667,0,0,0,0,0,0,0,0,0,0,0
1.66922E+12,0,0,0,0,0,0,5,15.8158,38,0,0.568096,11,0,27.2615,31,0,0,1
1.66922E+12,0,0,0,0,0,0,5,15.8158,38,0,0.568096,11,0,27.2941,31,0,0,1
1.66922E+12,0,0,0,0,0,0,5,0,0,0,0,0,0,0,0,0,0,0
1.66922E+12,0,0,0,0,0,0,5,0,0,0,0,0,0,0,0,0,0,0
1.66922E+12,0,0,0,0,0,0,5.33333,0,0,0,0,0,0,0,0,0,0,0
1.66922E+12,6.33333,18,0,0.006752,5,0,5.57143,14.4286,7,0,0.1,2,0,32.6269,31,15,15,1
1.66922E+12,0,0,0,0,0,0,5.83333,0,0,0,0,0,0,0,0,0,0,0
1.66922E+12,0,0,0,0,0,0,5.83333,0,0,0,0,0,0,0,0,0,0,0
1.66922E+12,0,0,0,0,0,0,6.16667,0,0,0,0,0,0,0,0,0,0,0
1.66922E+12,0,0,0,0,0,0,6,0,0,0,0,0,0,0,0,0,0,0
1.66922E+12,0,0,0,0,0,0,6,0,0,0,0,0,0,0,0,0,0,0
1.66922E+12,0,0,0,0,0,0,6.33333,0,0,0,0,0,0,0,0,0,0,0
1.66922E+12,0,0,0,0,0,0,6.66667,0,0,0,0,0,0,0,0,0,0,0
1.66922E+12,0,0,0,0,0,0,7,0,0,0,0,0,0,0,0,0,0,0
1.66922E+12,0,0,0,0,0,0,7,0,0,0,0,0,0,0,0,0,0,0
1.66922E+12,0,0,0,0,0,0,6.83333,0,0,0,0,0,0,0,0,0,0,0
1.66922E+12,10.8095,21,0,0.035264,6,0,7,15.3571,28,0,0.338272,8,0,28.2903,31,30,48,1
1.66922E+12,11.254,63,0,0.120832,17,0,7,14.6364,44,0,0.492448,13,0,29.0442,31,139,162,1
1.66922E+12,11.8235,17,0,0.025856,6,0,6.66667,15.2727,55,0,0.673152,16,0,28.3936,31,17,30,1
1.66922E+12,10.12,25,0,0.014048,7,0,7,11.6667,18,0,0.1,5,0,33.8473,31,21,21,1
1.66922E+12,0,0,0,0,0,0,6.83333,0,0,0,0,0,0,0,0,0,0,0
1.66922E+12,0,0,0,0,0,0,6.28571,0,0,0,0,0,0,0,0,0,0,0
1.66922E+12,0,0,0,0,0,0,7,0,0,0,0,0,0,0,0,0,0,0
1.66922E+12,0,0,0,0,0,0,6.83333,0,0,0,0,0,0,0,0,0,0,0
1.66922E+12,0,0,0,0,0,0,7,0,0,0,0,0,0,0,0,0,0,0
1.66922E+12,8,4,0,0.001568,1,0,7,13.2857,7,0,0.1,2,0,32.1288,31,3,3,1
1.66922E+12,0,0,0,0,0,0,7,0,0,0,0,0,0,0,0,0,0,0
1.66922E+12,0,0,0,0,0,0,7,0,0,0,0,0,0,0,0,0,0,0
1.66922E+12,0,0,0,0,0,0,7,0,0,0,0,0,0,0,0,0,0,0
1.66922E+12,0,0,0,0,0,0,7,0,0,0,0,0,0,0,0,0,0,0
1.66922E+12,0,0,0,0,0,0,7,0,0,0,0,0,0,0,0,0,0,0
1.66922E+12,0,0,0,0,0,0,7,0,0,0,0,0,0,0,0,0,0,0
1.66922E+12,0,0,0,0,0,0,7,0,0,0,0,0,0,0,0,0,0,0
1.66922E+12,0,0,0,0,0,0,7.14286,0,0,0,0,0,0,0,0,0,0,0
1.66922E+12,0,0,0,0,0,0,7,0,0,0,0,0,0,0,0,0,0,0
1.66922E+12,0,0,0,0,0,0,7,0,0,0,0,0,0,0,0,0,0,0
1.66922E+12,0,0,0,0,0,0,7,0,0,0,0,0,0,0,0,0,0,0
1.66922E+12,0,3,0,0.014496,1,0,7,13.2857,7,0,0.1,2,0,31.5741,31,5,18,1
1.66922E+12,0,0,0,0,0,0,7,0,0,0,0,0,0,0,0,0,0,0
1.66922E+12,0,0,0,0,0,0,7,0,0,0,0,0,0,0,0,0,0,0
1.66922E+12,0,0,0,0,0,0,7,0,0,0,0,0,0,0,0,0,0,0
1.66922E+12,0,0,0,0,0,0,7,0,0,0,0,0,0,0,0,0,0,0
1.66922E+12,9,7,0,0.003648,2,0,7,12.1429,7,0,0.1,2,0,31.9688,31,6,6,1
1.66922E+12,9.66667,45,51,0.029344,11,0,7,14.9322,59,12691,0.637152,17,0,27.5672,31,40,54,1
1.66922E+12,9.22857,35,0,0.022144,12,0,7,14.9778,45,0,0.569952,13,0,27.0423,31,30,30,1
1.66922E+12,0,0,0,0,0,0,7.28571,0,0,0,0,0,0,0,0,0,0,0
1.66922E+12,8,4,0,0.001568,1,0,7,13.2857,7,0,0.1,2,0,31.2422,31,3,3,1
1.66922E+12,0,0,0,0,0,0,7,0,0,0,0,0,0,0,0,0,0,0
1.66922E+12,0,0,0,0,0,0,7,0,0,0,0,0,0,0,0,0,0,0
1.66922E+12,0,0,0,0,0,0,7,0,0,0,0,0,0,0,0,0,0,0
1.66922E+12,0,0,0,0,0,0,7,0,0,0,0,0,0,0,0,0,0,0
1.66922E+12,0,0,0,0,0,0,7,0,0,0,0,0,0,0,0,0,0,0
1.66922E+12,0,0,0,0,0,0,7,0,0,0,0,0,0,0,0,0,0,0
1.66922E+12,12,4,0,0.014496,1,0,7,13.2857,7,0,0.1,2,0,32.4004,31,5,18,1
1.66922E+12,0,0,0,0,0,0,7,0,0,0,0,0,0,0,0,0,0,0
1.66922E+12,0,0,0,0,0,0,6.83333,0,0,0,0,0,0,0,0,0,0,0
1.66922E+12,0,0,0,0,0,0,7,0,0,0,0,0,0,0,0,0,0,0
1.66922E+12,0,0,0,0,0,0,6.42857,0,0,0,0,0,0,0,0,0,0,0
1.66922E+12,0,0,0,0,0,0,6.33333,0,0,0,0,0,0,0,0,0,0,0
1.66922E+12,0,0,0,0,0,0,6.16667,0,0,0,0,0,0,0,0,0,0,0
1.66922E+12,0,0,0,0,0,0,6,0,0,0,0,0,0,0,0,0,0,0
1.66922E+12,0,0,0,0,0,0,6,0,0,0,0,0,0,0,0,0,0,0
1.66922E+12,0,0,0,0,0,0,6,0,0,0,0,0,0,0,0,0,0,0
1.66922E+12,0,3,0,0.001824,1,0,6,0,0,0,0,0,0,0,0,3,3,0
1.66922E+12,0,0,0,0,0,0,6,0,0,0,0,0,0,0,0,0,0,0
1.66922E+12,0,0,0,0,0,0,6,0,0,0,0,0,0,0,0,0,0,0
1.66922E+12,8,4,0,0.001568,1,0,6.16667,13.2857,7,0,0.1,2,0,31.4858,31,3,3,1
1.66922E+12,0,0,0,0,0,0,6,0,0,0,0,0,0,0,0,0,0,0
1.66922E+12,0,0,0,0,0,0,6,0,0,0,0,0,0,0,0,0,0,0
1.66922E+12,0,0,0,0,0,0,6.71429,0,0,0,0,0,0,0,0,0,0,0
1.66922E+12,8,10,0,0.014016,3,0,6.5,13.2857,7,0,0.1,2,0,33.2716,31,11,24,1
1.66922E+12,0,0,0,0,0,0,7,0,0,0,0,0,0,0,0,0,0,0
1.66922E+12,0,0,0,0,0,0,6.5,0,0,0,0,0,0,0,0,0,0,0
1.66922E+12,0,0,0,0,0,0,6.71429,0,0,0,0,0,0,0,0,0,0,0
1.66922E+12,0,0,0,0,0,0,6.83333,0,0,0,0,0,0,0,0,0,0,0
1.66922E+12,0,0,0,0,0,0,6.83333,0,0,0,0,0,0,0,0,0,0,0
1.66922E+12,0,3,51,0.001824,1,0,6.66667,14.4286,7,0,0.1,2,0,32.5008,31,3,3,1
1.66922E+12,10.5526,38,0,0.052256,11,0,6.42857,13.2857,14,0,0.1,4,0,32.1926,31,65,78,1
1.66922E+12,0,0,0,0,0,0,6.33333,0,0,0,0,0,0,0,0,0,0,0
1.66922E+12,0,3,0,0.010144,1,0,6.66667,11.5714,7,0,0.1,2,0,33.7575,31,4,18,1
1.66922E+12,0,0,0,0,0,0,6.83333,12.1429,7,0,0.1,2,0,32.7122,31,0,0,1
1.66922E+12,10.4327,104,3628,0.205952,24,0,6.57143,15.8158,38,0,0.58224,11,0,27.8867,31,508,375,1
1.66922E+12,10.1748,103,0,0.281792,36,0,6.83333,15.0857,35,0,0.251264,10,0,31.1178,31,407,306,1
1.66922E+12,11.2857,112,0,0.265184,32,0,6.83333,14.7101,69,0,0.682432,20,0,30.4109,31,267,339,1
1.66922E+12,10.8519,27,0,0.039424,8,0,6.5,15.0625,16,0,0.157792,5,0,29.8311,31,31,54,1
1.66922E+12,9.47619,21,0,0.021216,6,0,6.71429,11.5714,7,0,0.1,2,0,34.1752,31,22,33,1
1.66922E+12,9.71429,7,0,0.016064,2,0,6.66667,13.2857,14,0,0.1,4,0,33.8357,31,8,21,1
1.66922E+12,0,0,0,0,0,0,6.33333,0,0,0,0,0,0,0,0,0,0,0
1.66922E+12,0,0,0,0,0,0,6.16667,0,0,0,0,0,0,0,0,0,0,0
1.66922E+12,9.90909,11,0,0.0056,3,0,6.57143,13.8571,7,0,0.1,2,0,33.4896,31,9,9,1
1.66922E+12,0,0,0,0,0,0,7,0,0,0,0,0,0,0,0,0,0,0
1.66922E+12,0,0,0,0,0,0,6.83333,0,0,0,0,0,0,0,0,0,0,0
1.66922E+12,0,0,0,0,0,0,7,0,0,0,0,0,0,0,0,0,0,0
1.66922E+12,0,0,0,0,0,0,7,0,0,0,0,0,0,0,0,0,0,0
1.66922E+12,9,18,0,0.008608,5,0,7,14.4286,7,0,0.1,2,0,33.8693,31,15,15,1
1.66922E+12,0,0,0,0,0,0,7,0,0,0,0,0,0,0,0,0,0,0
1.66922E+12,0,0,0,0,0,0,7.16667,0,0,0,0,0,0,0,0,0,0,0
1.66922E+12,0,0,0,0,0,0,7,0,0,0,0,0,0,0,0,0,0,0
1.66922E+12,0,0,0,0,0,0,7,0,0,0,0,0,0,0,0,0,0,0
1.66922E+12,0,0,0,0,0,0,7,0,0,0,0,0,0,0,0,0,0,0
1.66922E+12,0,0,0,0,0,0,7,0,0,0,0,0,0,0,0,0,0,0
1.66922E+12,0,0,0,0,0,0,7,0,0,0,0,0,0,0,0,0,0,0
1.66922E+12,0,0,0,0,0,0,7,0,0,0,0,0,0,0,0,0,0,0
1.66922E+12,0,3,0,0.014496,1,0,7,13.2857,7,0,0.1,2,0,34.3834,31,5,18,1
1.66922E+12,0,0,0,0,0,0,7,0,0,0,0,0,0,0,0,0,0,0
1.66922E+12,0,0,0,0,0,0,7.14286,0,0,0,0,0,0,0,0,0,0,0
1.66922E+12,8,4,0,0.001568,1,0,7,13.2857,7,0,0.1,2,0,34.2466,31,3,3,1
1.66922E+12,0,0,0,0,0,0,7,0,0,0,0,0,0,0,0,0,0,0
1.66922E+12,0,0,0,0,0,0,6.83333,0,0,0,0,0,0,0,0,0,0,0
1.66922E+12,0,0,0,0,0,0,6.71429,0,0,0,0,0,0,0,0,0,0,0
1.66922E+12,9,7,0,0.003648,2,0,6.66667,13.8571,7,0,0.1,2,0,34.7454,31,6,6,1
1.66922E+12,0,0,0,0,0,0,6.5,0,0,0,0,0,0,0,0,0,0,0
1.66922E+12,0,0,0,0,0,0,6.5,0,0,0,0,0,0,0,0,0,0,0
1.66922E+12,9,11,0,0.005472,3,0,6.57143,0,0,0,0,0,0,0,0,9,9,0
1.66922E+12,0,0,0,0,0,0,6.66667,14.4286,7,0,0.1,2,0,34.0614,31,0,0,1
1.66922E+12,0,0,0,0,0,0,6.83333,0,0,0,0,0,0,0,0,0,0,0
1.66922E+12,0,0,0,0,0,0,7,0,0,0,0,0,0,0,0,0,0,0
1.66922E+12,0,0,0,0,0,0,7,0,0,0,0,0,0,0,0,0,0,0
1.66922E+12,0,0,0,0,0,0,6.83333,0,0,0,0,0,0,0,0,0,0,0
1.66922E+12,0,0,0,0,0,0,7,0,0,0,0,0,0,0,0,0,0,0
1.66922E+12,0,6,0,0.028992,2,0,7,13.2857,14,0,0.1,4,0,33.9567,31,10,36,1
1.66922E+12,0,0,0,0,0,0,7,0,0,0,0,0,0,0,0,0,0,0
1.66922E+12,0,0,0,0,0,0,7,0,0,0,0,0,0,0,0,0,0,0
1.66922E+12,10.3548,31,0,0.018208,9,0,7,13.2857,7,0,0.1,2,0,33.7556,31,27,27,1
1.66922E+12,0,0,0,0,0,0,7.83333,0,0,0,0,0,0,0,0,0,0,0
1.66922E+12,0,0,0,0,0,0,7.85714,0,0,0,0,0,0,0,0,0,0,0
1.66922E+12,8,4,0,0.001568,1,0,7.83333,13.2857,7,0,0.1,2,0,33.277,31,3,3,1
1.66922E+12,0,0,0,0,0,0,7.66667,0,0,0,0,0,0,0,0,0,0,0
1.66922E+12,0,0,0,0,0,0,7.33333,0,0,0,0,0,0,0,0,0,0,0
1.66922E+12,0,0,0,0,0,0,7.57143,0,0,0,0,0,0,0,0,0,0,0
1.66922E+12,0,0,0,0,0,0,7.33333,0,0,0,0,0,0,0,0,0,0,0
1.66922E+12,0,0,0,0,0,0,7.5,0,0,0,0,0,0,0,0,0,0,0
1.66922E+12,0,0,0,0,0,0,7.66667,0,0,0,0,0,0,0,0,0,0,0
1.66922E+12,0,0,0,0,0,0,7.71429,0,0,0,0,0,0,0,0,0,0,0
1.66922E+12,0,0,0,0,0,0,7.66667,0,0,0,0,0,0,0,0,0,0,0
1.66922E+12,0,3,0,0.014496,1,0,7.66667,13.2857,7,0,0.1,2,0,34.0837,31,5,18,1
1.66922E+12,12,4,0,0.002336,1,0,7.5,0,0,0,0,0,0,0,0,3,3,0
1.66922E+12,0,0,0,0,0,0,7.42857,0,0,0,0,0,0,0,0,0,0,0
1.66922E+12,0,0,0,0,0,0,7.5,0,0,0,0,0,0,0,0,0,0,0
1.66922E+12,0,0,0,0,0,0,7.66667,0,0,0,0,0,0,0,0,0,0,0
1.66922E+12,0,0,0,0,0,0,7.5,0,0,0,0,0,0,0,0,0,0,0
1.66922E+12,0,0,0,0,0,0,7.57143,0,0,0,0,0,0,0,0,0,0,0
1.66922E+12,0,0,0,0,0,0,7.83333,0,0,0,0,0,0,0,0,0,0,0
1.66922E+12,0,0,0,0,0,0,7.5,0,0,0,0,0,0,0,0,0,0,0
1.66922E+12,0,0,0,0,0,0,7.16667,0,0,0,0,0,0,0,0,0,0,0
1.66922E+12,0,0,0,0,0,0,7.71429,0,0,0,0,0,0,0,0,0,0,0
1.66922E+12,8,4,0,0.001568,1,0,7.33333,13.2857,7,0,0.1,2,0,34.597,31,3,3,1
1.66922E+12,13.2857,21,0,0.016704,6,0,7.66667,0,3,0,0.1,1,0,0,31,18,18,0
1.66922E+12,11.55,20,0,0.037824,6,0,7.66667,15.1556,45,0,0.625088,13,0,28.7106,31,25,48,1
1.66922E+12,12.3269,52,0,0.130496,14,0,7.71429,14.6061,33,0,0.317376,10,0,30.5252,31,115,156,1
1.66922E+12,13,14,0,0.01296,5,0,7.5,14.4286,7,0,0.1,2,0,33.5126,31,12,12,1
1.66922E+12,0,0,0,0,0,0,7.33333,0,0,0,0,0,0,0,0,0,0,0
1.66922E+12,0,0,0,0,0,0,7,0,0,0,0,0,0,0,0,0,0,0
1.66922E+12,0,0,0,0,0,0,7,0,0,0,0,0,0,0,0,0,0,0
1.66922E+12,8.64286,14,0,0.006816,4,0,7,13,14,0,0.1,4,0,34.2639,31,12,12,1
1.66922E+12,9.28571,7,0,0.01376,2,0,7,12.1429,7,0,0.1,2,0,34.4631,31,8,21,1
1.66922E+12,0,0,0,0,0,0,6.83333,0,0,0,0,0,0,0,0,0,0,0
1.66922E+12,0,0,0,0,0,0,6.28571,0,0,0,0,0,0,0,0,0,0,0
1.66922E+12,0,0,0,0,0,0,6.5,0,0,0,0,0,0,0,0,0,0,0
1.66922E+12,0,0,0,0,0,0,6.66667,0,0,0,0,0,0,0,0,0,0,0
1.66922E+12,0,0,0,0,0,0,6.66667,0,0,0,0,0,0,0,0,0,0,0
1.66922E+12,0,0,0,0,0,0,6.57143,15.8158,38,0,0.585312,11,0,29.509,31,0,0,1
1.66922E+12,8.3871,31,0,0.014208,9,0,6,15.2444,90,0,1.21018,26,0,30.4869,31,27,27,1
1.66922E+12,5,14,0,0.004608,4,0,6.16667,12.1429,7,0,0.1,2,0,35.4397,31,12,12,1
1.66922E+12,10.12,25,0,0.013216,7,0,6,14.4286,7,0,0.1,2,0,33.4193,31,21,21,1
1.66922E+12,5.38095,21,0,0.006848,6,0,6,15.2444,45,0,0.605088,13,0,31.0308,31,18,18,1
1.66922E+12,8,4,0,0,0,0,6,0,3,0,0.1,1,0,0,31,3,3,0
1.66922E+12,7.96,25,0,0.012576,8,0,6,13.5455,11,0,0.1,3,0,35.7376,31,21,21,1
1.66922E+12,0,0,0,0,0,0,6,0,0,0,0,0,0,0,0,0,0,0
1.66922E+12,0,0,0,0,0,0,6,0,0,0,0,0,0,0,0,0,0,0
1.66922E+12,0,0,0,0,0,0,6.16667,0,0,0,0,0,0,0,0,0,0,0
1.66922E+12,0,0,0,0,0,0,6.16667,0,0,0,0,0,0,0,0,0,0,0
1.66922E+12,0,0,0,0,0,0,6.33333,0,0,0,0,0,0,0,0,0,0,0
1.66922E+12,0,0,0,0,0,0,6.28571,0,0,0,0,0,0,0,0,0,0,0
1.66922E+12,0,0,0,0,0,0,6.5,0,0,0,0,0,0,0,0,0,0,0
1.66922E+12,12,4,0,0.014496,1,0,6.66667,12.1429,7,0,0.1,2,0,36.3339,31,5,18,1
1.66922E+12,0,0,0,0,0,0,6.66667,0,0,0,0,0,0,0,0,0,0,0
1.66922E+12,0,0,0,0,0,0,6.57143,0,0,0,0,0,0,0,0,0,0,0
1.66922E+12,0,0,0,0,0,0,6.83333,0,0,0,0,0,0,0,0,0,0,0
1.66922E+12,0,0,0,0,0,0,6.16667,0,0,0,0,0,0,0,0,0,0,0
1.66922E+12,0,0,0,0,0,0,6.66667,0,0,0,0,0,0,0,0,0,0,0
1.66922E+12,0,0,0,0,0,0,6.57143,0,0,0,0,0,0,0,0,0,0,0
1.66922E+12,0,0,0,0,0,0,7,0,0,0,0,0,0,0,0,0,0,0
1.66922E+12,0,0,0,0,0,0,6.83333,0,0,0,0,0,0,0,0,0,0,0
1.66922E+12,0,0,0,0,0,0,7,0,0,0,0,0,0,0,0,0,0,0
1.66922E+12,0,0,0,0,0,0,7.14286,0,0,0,0,0,0,0,0,0,0,0
1.66922E+12,0,0,0,0,0,0,7,0,0,0,0,0,0,0,0,0,0,0
1.66922E+12,8,4,0,0.001568,1,0,7,13.2857,7,0,0.1,2,0,36.3448,31,3,3,1
1.66922E+12,0,0,0,0,0,0,7,0,0,0,0,0,0,0,0,0,0,0
1.66922E+12,0,0,0,0,0,0,7,0,0,0,0,0,0,0,0,0,0,0
1.66922E+12,0,0,0,0,0,0,7,0,0,0,0,0,0,0,0,0,0,0
1.66922E+12,0,0,0,0,0,0,7.33333,0,0,0,0,0,0,0,0,0,0,0
1.66922E+12,0,0,0,0,0,0,7.16667,0,0,0,0,0,0,0,0,0,0,0
1.66922E+12,0,3,0,0.014496,1,0,7.57143,12.1429,7,0,0.1,2,0,36.2344,31,5,18,1
1.66922E+12,0,0,0,0,0,0,7.66667,0,0,0,0,0,0,0,0,0,0,0
1.66922E+12,0,0,0,0,0,0,7.66667,15.8158,38,0,0.58224,11,0,30.8208,31,0,0,1
1.66922E+12,11.1,10,0,0.006496,3,0,7.66667,15.8158,38,0,0.58224,11,0,30.802,31,9,9,1
1.66922E+12,9.42857,14,0,0.007712,4,0,7.57143,12.1429,14,0,0.1,4,0,35.5465,31,12,12,1
1.66922E+12,0,0,0,0,0,0,7.83333,0,0,0,0,0,0,0,0,0,0,0
1.66922E+12,0,0,0,0,0,0,7,0,0,0,0,0,0,0,0,0,0,0
1.66922E+12,0,0,0,0,0,0,7,15.8158,38,0,0.585312,11,0,31.2627,31,0,0,1
1.66922E+12,9.64286,28,0,0.010144,5,0,7.14286,15.8333,42,0,0.636384,12,0,31.3189,31,24,24,1
1.66922E+12,11,40,0,0.060128,14,0,7,15.5625,48,0,0.608384,14,0,32.2755,31,49,78,1
1.66922E+12,0,0,0,0,0,0,7,0,0,0,0,0,0,0,0,0,0,0
1.66922E+12,11.369,84,0,0.253568,24,0,7.16667,14.8571,49,0,0.578048,14,0,32.5033,31,511,330,1
1.66922E+12,10.4286,21,0,0.012032,6,0,7,13.0952,21,0,0.1,6,0,35.3317,31,18,18,1
1.66922E+12,11.1562,32,0,0.043488,9,0,7,14.2381,21,0,0.1,6,0,34.4946,31,33,57,1
1.66922E+12,10.4615,26,0,0.003904,2,0,7,13.2857,14,0,0.1,4,0,34.8708,31,27,51,1
1.66922E+12,9,4,0,0.034752,6,0,7,13.2857,7,0,0.1,2,0,35.9507,0,3,3,1
1.66922E+12,9.85714,7,0,0.003648,2,0,7,15.7778,45,0,0.632736,13,0,31.8166,31,6,6,1
1.66922E+12,11.1111,18,0,0.017216,2,0,7,15.6458,48,0,0.638912,14,0,31.97,31,20,33,1
1.66922E+12,12,13,0,0.01584,7,0,7,15.1429,49,0,0.613184,14,0,32.1526,31,12,12,1
1.66922E+12,0,0,0,0,0,0,7,0,0,0,0,0,0,0,0,0,0,0
1.66922E+12,9.6,25,0,0.012896,7,0,6.42857,14.4286,7,0,0.1,2,0,35.1935,31,21,21,1
1.66922E+12,10.2474,97,0,0.05616,28,0,6.5,13.1455,55,0,0.249824,16,0,34.3211,31,84,84,1
1.66922E+12,9.69444,72,0,0.079328,20,0,7,15.4286,98,0,1.22598,28,0,31.725,31,66,120,1
1.66922E+12,9.73684,19,0,0.029984,5,0,6.33333,11.5714,14,0,0.1,4,0,35.4677,31,22,63,1
1.66922E+12,7.5,10,0,0.016288,4,0,6.57143,12.7083,24,0,0.1,7,0,34.5739,31,9,9,1
1.66922E+12,0,0,0,0,0,0,6.16667,0,0,0,0,0,0,0,0,0,0,0
1.66922E+12,0,0,0,0,0,0,6.83333,0,0,0,0,0,0,0,0,0,0,0
1.66922E+12,0,0,0,0,0,0,6.66667,0,0,0,0,0,0,0,0,0,0,0
1.66922E+12,9,7,0,0.013248,2,0,6.42857,13.2857,14,0,0.1,4,0,35.1722,31,7,21,1
1.66922E+12,6.85714,7,0,0.00304,2,0,6.5,11.5714,7,0,0.1,2,0,35.5789,31,6,6,1
1.66922E+12,0,3,0,0.011424,1,0,6.33333,11.5714,7,0,0.1,2,0,36.2272,31,4,18,1
1.66922E+12,0,0,0,0,0,0,6.5,0,0,0,0,0,0,0,0,0,0,0
1.66922E+12,0,0,0,0,0,0,6.57143,0,0,0,0,0,0,0,0,0,0,0
1.66922E+12,0,0,0,0,0,0,6.5,0,0,0,0,0,0,0,0,0,0,0
1.66922E+12,8,4,0,0.001568,1,0,6.66667,13.2857,7,0,0.1,2,0,35.8004,31,3,3,1
1.66922E+12,0,0,0,0,0,0,6.33333,0,0,0,0,0,0,0,0,0,0,0
1.66922E+12,0,0,0,0,0,0,6.42857,0,0,0,0,0,0,0,0,0,0,0
1.66922E+12,11.7,10,0,0.031712,3,0,6.66667,12.2353,17,0,0.1,5,0,35.9277,31,22,42,1
1.66922E+12,0,0,0,0,0,0,6.5,15.9211,38,0,0.598624,11,0,31.1148,31,0,0,1
1.66922E+12,9.70833,24,0,0.02176,7,0,7,14.7857,56,0,0.617152,16,0,32.5637,31,22,36,1
1.66922E+12,12,11,0,0.007008,3,0,7,15.7561,41,0,0.602368,12,0,31.3295,31,9,9,1
1.66922E+12,10.1905,42,1015,0.036224,12,0,7,15.1176,68,0,0.791744,20,0,32.3658,31,38,51,1
1.66922E+12,10.7536,69,0,0.133664,20,0,7,13.381,21,0,0.1,6,0,35.5914,31,112,177,1
1.66922E+12,0,0,0,0,0,0,6.66667,0,0,0,0,0,0,0,0,0,0,0
1.66922E+12,0,0,0,0,0,0,6.57143,0,0,0,0,0,0,0,0,0,0,0
1.66922E+12,0,0,0,0,0,0,6.33333,0,0,0,0,0,0,0,0,0,0,0
1.66922E+12,0,0,0,0,0,0,6.33333,0,0,0,0,0,0,0,0,0,0,0
1.66922E+12,0,0,0,0,0,0,6,0,0,0,0,0,0,0,0,0,0,0
1.66922E+12,0,0,0,0,0,0,6,0,0,0,0,0,0,0,0,0,0,0
1.66922E+12,0,0,0,0,0,0,6,0,0,0,0,0,0,0,0,0,0,0
1.66922E+12,0,0,0,0,0,0,6,0,0,0,0,0,0,0,0,0,0,0
1.66922E+12,5.85714,7,0,0.002592,2,0,6,12.1429,7,0,0.1,2,0,35.556,31,6,6,1
1.66922E+12,0,0,0,0,0,0,6,0,0,0,0,0,0,0,0,0,0,0
1.66922E+12,0,0,0,0,0,0,5.83333,0,0,0,0,0,0,0,0,0,0,0
1.66922E+12,8,4,0,0.001568,1,0,5.66667,13.2857,7,0,0.1,2,0,34.759,31,3,3,1
1.66922E+12,0,0,0,0,0,0,5.83333,0,0,0,0,0,0,0,0,0,0,0
1.66922E+12,0,0,0,0,0,0,5.57143,0,0,0,0,0,0,0,0,0,0,0
1.66922E+12,0,0,0,0,0,0,5.83333,0,0,0,0,0,0,0,0,0,0,0
1.66922E+12,0,0,0,0,0,0,5.33333,0,0,0,0,0,0,0,0,0,0,0
1.66922E+12,0,0,0,0,0,0,5.66667,0,0,0,0,0,0,0,0,0,0,0
1.66922E+12,0,0,0,0,0,0,5.85714,0,0,0,0,0,0,0,0,0,0,0
1.66922E+12,0,0,0,0,0,0,5.66667,0,0,0,0,0,0,0,0,0,0,0
1.66922E+12,0,0,0,0,0,0,5.5,0,0,0,0,0,0,0,0,0,0,0
1.66922E+12,0,0,0,0,0,0,5.5,0,0,0,0,0,0,0,0,0,0,0
1.66922E+12,0,0,0,0,0,0,5.71429,0,0,0,0,0,0,0,0,0,0,0
1.66922E+12,0,0,0,0,0,0,5.5,0,0,0,0,0,0,0,0,0,0,0
1.66922E+12,0,0,0,0,0,0,5.66667,0,0,0,0,0,0,0,0,0,0,0
1.66922E+12,0,0,0,0,0,0,5.16667,0,0,0,0,0,0,0,0,0,0,0
1.66922E+12,0,0,0,0,0,0,5,0,0,0,0,0,0,0,0,0,0,0
1.66922E+12,0,0,0,0,0,0,5,0,0,0,0,0,0,0,0,0,0,0
1.66922E+12,0,0,0,0,0,0,4.83333,0,0,0,0,0,0,0,0,0,0,0
1.66922E+12,0,0,0,0,0,0,4.83333,0,0,0,0,0,0,0,0,0,0,0
1.66922E+12,0,0,0,0,0,0,4.71429,0,0,0,0,0,0,0,0,0,0,0
1.66922E+12,0,0,0,0,0,0,4.5,0,0,0,0,0,0,0,0,0,0,0
1.66922E+12,4.57143,7,0,0.001728,2,0,4.66667,13.2857,7,0,0.1,2,0,35.1625,31,6,6,1
1.66922E+12,0,0,0,0,0,0,4.66667,0,0,0,0,0,0,0,0,0,0,0
1.66922E+12,0,0,0,0,0,0,4.71429,0,0,0,0,0,0,0,0,0,0,0
1.66922E+12,0,0,0,0,0,0,5,0,0,0,0,0,0,0,0,0,0,0
1.66922E+12,0,0,0,0,0,0,4.83333,0,0,0,0,0,0,0,0,0,0,0
1.66922E+12,0,0,0,0,0,0,5,0,0,0,0,0,0,0,0,0,0,0
1.66922E+12,0,0,0,0,0,0,5,0,0,0,0,0,0,0,0,0,0,0
1.66922E+12,0,0,0,0,0,0,5.16667,0,0,0,0,0,0,0,0,0,0,0
1.66922E+12,0,0,0,0,0,0,5,0,0,0,0,0,0,0,0,0,0,0
1.66922E+12,0,0,0,0,0,0,5,0,0,0,0,0,0,0,0,0,0,0
1.66922E+12,0,0,0,0,0,0,5,0,0,0,0,0,0,0,0,0,0,0
1.66922E+12,0,0,0,0,0,0,5,0,0,0,0,0,0,0,0,0,0,0
1.66922E+12,0,0,0,0,0,0,5,0,0,0,0,0,0,0,0,0,0,0
1.66922E+12,0,0,0,0,0,0,5.16667,0,0,0,0,0,0,0,0,0,0,0
1.66922E+12,0,0,0,0,0,0,5,0,0,0,0,0,0,0,0,0,0,0
1.66922E+12,0,0,0,0,0,0,5,0,0,0,0,0,0,0,0,0,0,0
1.66922E+12,0,0,0,0,0,0,5,0,0,0,0,0,0,0,0,0,0,0
1.66922E+12,7,7,0,0.002624,2,0,5,12.1429,7,0,0.1,2,0,34.3564,31,6,6,1
1.66922E+12,0,0,0,0,0,0,5.14286,0,0,0,0,0,0,0,0,0,0,0
1.66922E+12,0,0,0,0,0,0,5,0,0,0,0,0,0,0,0,0,0,0
1.66922E+12,4.42857,7,0,0.001664,2,0,5,13.2857,7,0,0.1,2,0,34.8649,31,6,6,1
1.66922E+12,0,0,0,0,0,0,5,0,0,0,0,0,0,0,0,0,0,0
1.66922E+12,0,0,0,0,0,0,5,0,0,0,0,0,0,0,0,0,0,0
1.66922E+12,0,0,0,0,0,0,5,0,0,0,0,0,0,0,0,0,0,0
1.66922E+12,0,0,0,0,0,0,5,0,0,0,0,0,0,0,0,0,0,0
1.66922E+12,0,0,0,0,0,0,5,0,0,0,0,0,0,0,0,0,0,0
1.66922E+12,0,0,0,0,0,0,5,0,0,0,0,0,0,0,0,0,0,0
1.66922E+12,0,0,0,0,0,0,5.16667,0,0,0,0,0,0,0,0,0,0,0
1.66922E+12,0,0,0,0,0,0,5.33333,12.1429,7,0,0.1,2,0,34.3223,31,0,0,1
1.66922E+12,7.71429,35,0,0.014816,10,0,5.66667,15.7111,45,0,0.626592,13,0,31.1164,31,30,30,1
1.66922E+12,8.85714,7,0,0.021568,2,0,5.85714,11.5714,7,0,0.1,2,0,35.4416,31,11,36,1
1.66922E+12,4.42857,7,0,0.001664,2,0,4.83333,13.2857,7,0,0.1,2,0,37.3168,31,6,6,1
1.66922E+12,4.5,14,0,0.003776,4,0,4.5,15.8158,38,0,0.58224,11,0,31.3886,31,12,12,1
1.66922E+12,4.7125,80,0,0.054368,23,0,4,13.3571,14,0,0.1,4,0,35.359,31,129,168,1
1.66922E+12,4.71505,186,0,0.21664,53,0,4,12.375,24,0,0.1,7,0,35.7613,31,896,669,1
1.66922E+12,0,0,0,0,0,0,4,0,0,0,0,0,0,0,0,0,0,0
1.66922E+12,0,0,0,0,0,0,4.16667,0,0,0,0,0,0,0,0,0,0,0
1.66922E+12,0,0,0,0,0,0,4.33333,0,0,0,0,0,0,0,0,0,0,0
1.66922E+12,4.57143,7,0,0.001728,2,0,4.33333,13.2857,7,0,0.1,2,0,35.8709,31,6,6,1
1.66922E+12,0,0,0,0,0,0,4.71429,12.1429,7,0,0.1,2,0,34.6237,31,0,0,1
1.66922E+12,0,0,0,0,0,0,4.5,0,0,0,0,0,0,0,0,0,0,0
1.66922E+12,5.59774,266,0,0.283328,74,0,4.5,15.2466,73,0,0.81104,21,0,31.6038,31,743,666,1
1.66922E+12,5.38095,21,0,0.023296,8,0,4.83333,12.4286,7,0,0.1,2,0,35.3293,31,23,48,1
1.66922E+12,7.14286,7,0,0.002592,2,0,6,12.1429,7,0,0.1,2,0,34.5583,31,6,6,1
1.66922E+12,4.42857,7,0,0.001664,2,0,5,13.2857,7,0,0.1,2,0,32.6719,31,6,6,1
1.66922E+12,4.63636,11,0,0.002624,3,0,4,12.1429,7,0,0.1,2,0,34.1049,31,9,9,1
1.66922E+12,0,0,0,0,0,0,4,0,0,0,0,0,0,0,0,0,0,0
1.66922E+12,0,0,0,0,0,0,4.16667,0,0,0,0,0,0,0,0,0,0,0
1.66922E+12,0,0,0,0,0,0,4.16667,0,0,0,0,0,0,0,0,0,0,0
1.66922E+12,4.57143,7,0,0.001728,2,0,4.5,13.2857,7,0,0.1,2,0,34.3337,31,6,6,1
1.66922E+12,0,0,0,0,0,0,4.57143,0,0,0,0,0,0,0,0,0,0,0
1.66922E+12,0,0,0,0,0,0,5,0,0,0,0,0,0,0,0,0,0,0
1.66922E+12,0,0,0,0,0,0,5,0,0,0,0,0,0,0,0,0,0,0
1.66922E+12,0,0,0,0,0,0,5,0,0,0,0,0,0,0,0,0,0,0
1.66922E+12,4.85714,7,0,0.001888,2,0,5,12.1429,7,0,0.1,2,0,34.2472,31,6,6,1
1.66922E+12,6.15476,84,0,0.028288,24,0,5,15.6957,46,0,0.611424,13,0,29.7666,31,72,72,1
1.66922E+12,5.41176,17,0,0.012768,5,0,4.83333,11.5714,14,0,0.1,4,0,34.9138,31,16,30,1
1.66922E+12,4.57143,7,0,0.001728,2,0,4.42857,13.2857,7,0,0.1,2,0,34.8269,31,6,6,1
1.66922E+12,0,0,0,0,0,0,5,0,3,0,0.1,1,0,0,31,0,0,0
1.66922E+12,6.33333,21,0,0.008128,6,0,5.33333,15.8158,38,0,0.58224,11,0,30.0482,31,18,18,1
1.66922E+12,6.21739,46,0,0.052352,13,0,5.33333,13,14,0,0.1,4,0,34.8283,31,68,114,1
1.66922E+12,0,0,0,0,0,0,5.42857,0,0,0,0,0,0,0,0,0,0,0
1.66922E+12,8.97802,91,0,0.210016,26,0,5.83333,14.4286,7,0,0.1,2,0,34.5156,31,676,360,1
1.66922E+12,0,0,0,0,0,0,5.33333,0,0,0,0,0,0,0,0,0,0,0
1.66922E+12,0,0,0,0,0,0,5,0,0,0,0,0,0,0,0,0,0,0
1.66922E+12,4.42857,7,0,0.001664,2,0,5.28571,13.2857,7,0,0.1,2,0,34.4128,31,6,6,1
1.66922E+12,0,0,0,0,0,0,5,0,0,0,0,0,0,0,0,0,0,0
1.66922E+12,0,0,0,0,0,0,5,0,0,0,0,0,0,0,0,0,0,0
1.66922E+12,0,0,0,0,0,0,4.83333,0,0,0,0,0,0,0,0,0,0,0
1.66922E+12,0,0,0,0,0,0,4.85714,0,0,0,0,0,0,0,0,0,0,0
1.66922E+12,4.85714,7,0,0.001888,2,0,4.16667,0,0,0,0,0,0,0,0,6,6,0
1.66922E+12,0,0,0,0,0,0,4,0,3,0,0.1,1,0,0,31,0,0,0
1.66922E+12,0,0,0,0,0,0,4.16667,0,0,0,0,0,0,0,0,0,0,0
1.66922E+12,0,0,0,0,0,0,4.28571,0,0,0,0,0,0,0,0,0,0,0
1.66922E+12,0,0,0,0,0,0,4.16667,0,3,0,0.1,1,0,0,31,0,0,0
1.66922E+12,0,0,0,0,0,0,4.33333,12,4,0,0.1,1,0,36.7425,0,0,0,1
1.66922E+12,4.6,45,0,0.011008,13,0,4.16667,15.2609,46,0,0.625984,13,0,30.8918,31,39,39,1
1.66922E+12,5.21538,65,0,0.018656,19,0,4.42857,12.7857,28,0,0.1,8,0,34.9388,31,57,57,1
1.66922E+12,0,0,0,0,0,0,4.66667,0,0,0,0,0,0,0,0,0,0,0
1.66922E+12,0,0,0,0,0,0,4.16667,0,0,0,0,0,0,0,0,0,0,0
1.66922E+12,0,0,0,0,0,0,4.33333,0,0,0,0,0,0,0,0,0,0,0
1.66922E+12,0,0,0,0,0,0,4.14286,0,0,0,0,0,0,0,0,0,0,0
1.66922E+12,0,0,0,0,0,0,4.16667,0,0,0,0,0,0,0,0,0,0,0
1.66922E+12,0,0,0,0,0,0,4.33333,0,0,0,0,0,0,0,0,0,0,0
1.66922E+12,0,0,0,0,0,0,4.5,0,0,0,0,0,0,0,0,0,0,0
1.66922E+12,4.42857,7,0,0.001664,2,0,4.85714,13.2857,7,0,0.1,2,0,34.8521,31,6,6,1
1.66922E+12,0,0,0,0,0,0,4.5,0,0,0,0,0,0,0,0,0,0,0
1.66922E+12,0,0,0,0,0,0,4.66667,0,0,0,0,0,0,0,0,0,0,0
1.66922E+12,0,0,0,0,0,0,4.33333,0,0,0,0,0,0,0,0,0,0,0
1.66922E+12,0,0,0,0,0,0,4.42857,0,0,0,0,0,0,0,0,0,0,0
1.66922E+12,0,0,0,0,0,0,4.66667,0,0,0,0,0,0,0,0,0,0,0
1.66922E+12,5.94444,18,0,0.005536,5,0,5,0,0,0,0,0,0,0,0,15,15,0
1.66922E+12,5.58182,165,0,0.056032,47,0,4.5,15.2368,76,0,0.79328,22,0,31.8977,31,142,156,1
1.66922E+12,5.29851,134,0,0.059328,38,0,4.57143,11.871,31,0,0.1,9,0,34.9513,31,118,159,1
1.66922E+12,6.82353,17,0,0.013824,5,0,4.83333,13.8571,7,0,0.1,2,0,35.2618,31,16,30,1
1.66922E+12,0,0,0,0,0,0,5,0,0,0,0,0,0,0,0,0,0,0
1.66922E+12,0,0,0,0,0,0,5,0,0,0,0,0,0,0,0,0,0,0
1.66922E+12,0,0,0,0,0,0,5.14286,0,0,0,0,0,0,0,0,0,0,0
1.66922E+12,0,0,0,0,0,0,5.16667,0,0,0,0,0,0,0,0,0,0,0
1.66922E+12,0,0,0,0,0,0,5.16667,0,0,0,0,0,0,0,0,0,0,0
1.66922E+12,0,0,0,0,0,0,5.33333,0,0,0,0,0,0,0,0,0,0,0
1.66922E+12,7,14,0,0.005248,4,0,5.42857,12.1429,14,0,0.1,4,0,34.9124,31,12,12,1
1.66922E+12,0,0,0,0,0,0,5.83333,0,0,0,0,0,0,0,0,0,0,0
1.66922E+12,0,0,0,0,0,0,5.66667,0,0,0,0,0,0,0,0,0,0,0
1.66922E+12,0,0,0,0,0,0,5.83333,0,0,0,0,0,0,0,0,0,0,0
1.66922E+12,4.42857,7,0,0.001664,2,0,5.14286,13.2857,7,0,0.1,2,0,34.1489,31,6,6,1
1.66922E+12,0,0,0,0,0,0,6.83333,12.1429,7,0,0.1,2,0,34.7321,31,0,0,1
1.66922E+12,0,0,0,0,0,0,7,0,0,0,0,0,0,0,0,0,0,0
1.66922E+12,10.7692,39,0,0.035488,11,0,7,15.4578,83,0,1.1735,24,0,31.1718,31,37,48,1
1.66922E+12,9.85714,14,0,0.007584,4,0,7,13.8571,7,0,0.1,2,0,35.6011,0,12,12,1
1.66922E+12,9.85714,7,0,0.003648,2,0,6.83333,14.4286,7,0,0.1,2,0,36.1907,31,6,6,1
1.66922E+12,7.42857,7,0,0.003168,2,0,7,11.5714,7,0,0.1,2,0,36.5081,31,6,6,1
1.66922E+12,0,0,0,0,0,0,7.16667,0,0,0,0,0,0,0,0,0,0,0
1.66922E+12,0,0,0,0,0,0,7.16667,0,0,0,0,0,0,0,0,0,0,0
1.66922E+12,0,3,0,0.002336,1,0,7.33333,13.2857,7,0,0.1,2,0,35.1555,31,3,3,1
1.66922E+12,12,4,0,0.002336,1,0,7.71429,0,0,0,0,0,0,0,0,3,3,0
1.66922E+12,0,0,0,0,0,0,7.66667,0,0,0,0,0,0,0,0,0,0,0
1.66922E+12,0,0,0,0,0,0,7.66667,0,0,0,0,0,0,0,0,0,0,0
1.66922E+12,0,0,0,0,0,0,7.33333,0,0,0,0,0,0,0,0,0,0,0
1.66922E+12,8,4,0,0.001568,1,0,7.85714,13.2857,7,0,0.1,2,0,35.3961,31,3,3,1
1.66922E+12,9,4,0,0.001824,1,0,8,0,0,0,0,0,0,0,0,3,3,0
1.66922E+12,11.5714,7,0,0.005184,2,0,8.83333,15.8158,38,0,0.58224,11,0,31.4599,31,6,6,1
1.66922E+12,13.625,24,0,0.051968,7,0,8.66667,11.5714,14,0,0.1,4,0,35.5368,31,33,51,1
1.66922E+12,0,0,0,0,0,0,8.42857,0,0,0,0,0,0,0,0,0,0,0
1.66922E+12,0,3,0,0.010144,1,0,8.33333,11.5714,7,0,0.1,2,0,37.9114,31,4,18,1
1.66922E+12,13.1429,42,0,0.200928,12,0,8.16667,14.4286,7,0,0.1,2,0,35.2764,31,320,201,1
1.66922E+12,9,4,0,0.001824,1,0,9,0,0,0,0,0,0,0,0,3,3,0
1.66922E+12,6,4,0,0.00103226,1,0,0.1,0.1,4,0,0.1,1,0,29.9356,0,0,3,1
1.66922E+12,1.14286,7,0,0.0008,2,0,9,10.4286,7,0,0.1,2,0,34.9317,31,0,6,1
1.66922E+12,14.9459,74,0,0.35296,21,0,9,14.8404,94,0,1.30566,27,0,29.7659,31,0,267,1
1.66922E+12,13.8696,46,0,0.1552,13,0,9,14.4286,14,0,0.1,4,0,32.8182,31,0,126,1
1.66922E+12,14,10,0,0.027872,3,0,9,13.2857,7,0,0.1,2,0,34.1085,31,0,27,1
1.66922E+12,11.1,10,0,0.016288,3,0,9,13.4167,24,0,0.1,7,0,33.912,31,0,18,1
1.66922E+12,15.3579,95,0,0.378624,26,0,9,15.1111,63,0,0.720032,18,0,30.4815,31,253,312,1
1.66922E+12,13.1429,21,0,0.0664,7,0,9,13.5455,11,0,0.1,3,0,34.0352,31,28,48,1
1.66922E+12,9.5,10,0,0.017888,3,0,8.83333,13.8571,14,0,0.1,4,0,34.5182,31,11,24,1
1.66922E+12,0,0,0,0,0,0,8.71429,0,0,0,0,0,0,0,0,0,0,0
1.66922E+12,0,0,0,0,0,0,8.83333,0,0,0,0,0,0,0,0,0,0,0
1.66922E+12,0,0,0,0,0,0,8.83333,0,0,0,0,0,0,0,0,0,0,0
1.66922E+12,0,0,0,0,0,0,9,0,0,0,0,0,0,0,0,0,0,0
1.66922E+12,0,0,0,0,0,0,9,13.2857,14,0,0.1,4,0,33.8715,31,0,0,1
1.66922E+12,0,3,0,0.016544,1,0,9,0,3,0,0.1,1,0,0,31,5,18,0
1.66922E+12,13.8942,104,0,0.35056,27,0,8.83333,15.5319,94,0,1.23888,27,0,29.426,31,401,327,1
1.66922E+12,0,0,0,0.03104,2,0,9,0,0,0,0,0,0,0,0,0,0,0
1.66922E+12,9,12,0,0.005472,3,0,8.16667,15.8158,38,0,0.58224,11,0,31.457,31,9,9,1
1.66922E+12,12.8889,18,0,0.048032,5,0,8,13.8571,7,0,0.1,2,0,35.8425,31,38,54,1
1.66922E+12,0,0,0,0,0,0,8,0,0,0,0,0,0,0,0,0,0,0
1.66922E+12,13.2857,42,0,0.208,12,0,8,13.2857,7,0,0.1,2,0,34.4881,31,241,216,1
1.66922E+12,11.1429,7,0,0.0048,2,0,9,14.4286,7,0,0.1,2,0,35.5762,31,6,6,1
1.66922E+12,0,0,0,0,0,0,6.5,0,3,0,0.1,1,0,0,31,0,0,0
1.66922E+12,9.14286,14,0,0.006976,4,0,6.16667,12,4,0,0.1,1,0,36.6321,0,12,12,1
1.66922E+12,0,3,0,0.001824,1,0,6.5,14.4286,7,0,0.1,2,0,35.6618,31,3,3,1
1.66922E+12,10.0943,53,0,0.038688,15,0,6.42857,15.6,45,0,0.614816,13,0,32.2844,31,46,60,1
1.66922E+12,10,86,0,0.067072,25,0,6.83333,13.6545,55,0,0.218048,16,0,35.3124,31,77,105,1
1.66922E+12,9.85714,14,0,0.019744,4,0,7,13.8571,7,0,0.1,2,0,36.4671,31,14,27,1
1.66922E+12,8,4,0,0.001568,1,0,6.83333,13.2857,7,0,0.1,2,0,34.6637,31,3,3,1
1.66922E+12,8,4,0,0,0,0,6.83333,0,6,0,0.1,2,0,0,31,3,3,0
1.66922E+12,0,0,0,0.001568,1,0,6.83333,12,4,0,0.1,1,0,34.7798,0,0,0,1
1.66922E+12,8,4,0,0.001568,1,0,7,13.2857,7,0,0.1,2,0,34.4729,31,3,3,1
1.66922E+12,0,0,0,0,0,0,7,0,0,0,0,0,0,0,0,0,0,0
1.66922E+12,0,0,0,0,0,0,7,0,0,0,0,0,0,0,0,0,0,0
1.66922E+12,0,0,0,0,0,0,7,0,0,0,0,0,0,0,0,0,0,0
1.66922E+12,0,0,0,0,0,0,7.5,0,3,0,0.1,1,0,0,31,0,0,0
1.66922E+12,0,0,0,0,0,0,6,0,3,0,0.1,1,0,0,31,0,0,0
1.66922E+12,4.42857,7,0,0.001664,2,0,5,13.2857,7,0,0.1,2,0,32.5807,31,6,6,1
1.66922E+12,8,4,0,0.001568,1,0,6.5,13.2857,7,0,0.1,2,0,33.6088,31,3,3,1
1.66922E+12,8,4,0,0.001568,1,0,6.16667,13.2857,7,0,0.1,2,0,33.7181,31,3,3,1
1.66922E+12,0,0,0,0,0,0,6.42857,0,0,0,0,0,0,0,0,0,0,0
1.66922E+12,0,0,0,0,0,0,7,0,0,0,0,0,0,0,0,0,0,0
1.66922E+12,0,0,0,0,0,0,7,0,0,0,0,0,0,0,0,0,0,0
1.66922E+12,0,0,0,0,0,0,6.83333,0,0,0,0,0,0,0,0,0,0,0
1.66922E+12,0,0,0,0,0,0,7,0,0,0,0,0,0,0,0,0,0,0
1.66922E+12,0,0,0,0,0,0,7,0,0,0,0,0,0,0,0,0,0,0
1.66922E+12,0,3,0,0.001024,1,0,0.1,0,3,0,0.1,1,0,0,0,0,3,0
1.66922E+12,0,0,0,0,0,0,0.1,0,0,0,0,0,0,0,0,0,0,0
1.66922E+12,2.31579,19,0,0.002912,5,0,6,10.7143,28,0,0.1,8,0,34.6307,31,0,15,1
1.66922E+12,8,4,0,0.001568,1,0,6.16667,13.2857,7,0,0.1,2,0,33.8491,31,0,3,1
1.66922E+12,8,4,0,0.001568,1,0,5.83333,13.2857,7,0,0.1,2,0,35.4178,31,0,3,1
1.66922E+12,0,0,0,0,0,0,5.66667,0,0,0,0,0,0,0,0,0,0,0
1.66922E+12,0,0,0,0,0,0,5.85714,0,0,0,0,0,0,0,0,0,0,0
1.66922E+12,0,0,0,0,0,0,5.66667,0,0,0,0,0,0,0,0,0,0,0
1.66922E+12,0,0,0,0,0,0,5.83333,0,0,0,0,0,0,0,0,0,0,0
1.66922E+12,9.90909,11,0,0.03504,3,0,5.83333,13.8571,7,0,0.1,2,0,34.0712,31,0,54,1
1.66922E+12,8,4,0,0.001568,1,0,8.57143,13.2857,7,0,0.1,2,0,36.4557,31,0,3,1
1.66922E+12,0,0,0,0,0,0,8.66667,0,0,0,0,0,0,0,0,0,0,0
1.66922E+12,0,0,0,0,0,0,8.5,0,0,0,0,0,0,0,0,0,0,0
1.66922E+12,6,4,0,0.001024,1,0,0.1,0,3,0,0.1,1,0,0,0,0,3,0
1.66922E+12,0,0,0,0,0,0,0.1,0,0,0,0,0,0,0,0,0,0,0
1.66922E+12,4.84211,19,0,0.009888,5,0,8.75,10.7143,28,0,0.1,8,0,35.8849,31,0,21,1
1.66922E+12,0,0,0,0,0,0,8.5,13.2857,7,0,0.1,2,0,34.7891,31,0,0,1
1.66922E+12,7.14286,7,0,0.006976,2,0,6,13.2857,7,0,0.1,2,0,34.0677,31,0,15,1
1.66922E+12,0,0,0,0,0,0,6.5,0,0,0,0,0,0,0,0,0,0,0
1.66922E+12,9,4,0,0.001824,1,0,6.57143,0,0,0,0,0,0,0,0,0,3,0
1.66922E+12,5.47368,19,0,0.015104,6,0,6.16667,15,7,0,0.1,2,0,30.6756,31,0,39,1
1.66922E+12,8.13333,30,0,0.045472,9,0,6.14286,14.9831,59,0,0.650336,17,0,29.0462,31,0,81,1
1.66922E+12,11.1429,14,0,0.009024,4,0,8.83333,15,7,0,0.1,2,0,25.4954,31,0,12,1
1.66922E+12,13.1176,17,0,0.022688,5,0,8.83333,15.8158,38,0,0.585312,11,0,22.6554,31,0,24,1
1.66922E+12,12,4,0,0.009632,1,0,8.57143,11.5714,7,0,0.1,2,0,30.2409,31,0,12,1
1.66922E+12,0,0,0,0,0,0,9,0,0,0,0,0,0,0,0,0,0,0
1.66922E+12,0,0,0,0,0,0,9,0,0,0,0,0,0,0,0,0,0,0
1.66922E+12,0,0,0,0,0,0,9,0,0,0,0,0,0,0,0,0,0,0
1.66922E+12,8,4,0,0.001568,1,0,9,13.2857,7,0,0.1,2,0,27.9852,31,0,3,1
1.66922E+12,0,0,0,0,0,0,9,0,0,0,0,0,0,0,0,0,0,0
1.66922E+12,0,0,0,0,0,0,9,0,0,0,0,0,0,0,0,0,0,0
1.66922E+12,0,0,0,0,0,0,8.66667,0,0,0,0,0,0,0,0,0,0,0
1.66922E+12,0,0,0,0,0,0,8.14286,0,0,0,0,0,0,0,0,0,0,0
1.66922E+12,0,0,0,0,0,0,8.5,0,0,0,0,0,0,0,0,0,0,0
1.66922E+12,0,0,0,0,0,0,8,12.1429,7,0,0.1,2,0,28.6155,31,0,0,1
1.66922E+12,10.4444,27,0,0.023936,6,0,8.14286,15.1809,94,142368,1.20656,27,0,23.1586,31,9,42,1
1.66922E+12,11.6389,72,0,0.14784,22,0,8.33333,15.5207,121,0,1.7703,35,0,22.7712,31,118,165,1
1.66922E+12,12.7143,49,0,0.079552,6,0,8.5,13.8571,14,0,0.1,4,0,27.8103,31,216,237,1
1.66922E+12,12.5,10,0,0.164704,11,0,8.16667,0,0,0,0,0,0,0,0,19,33,0
1.66922E+12,0,0,0,0,0,0,8.66667,0,3,0,0.1,1,0,0,31,0,0,0
1.66922E+12,0,0,0,0,0,0,8.83333,0,0,0,0,0,0,0,0,0,0,0
1.66922E+12,0,0,45,0,0,0,8.28571,0,3,67,0.1,1,0,0,31,0,0,0
1.66922E+12,8,4,0,0.001568,1,0,9,12,4,0,0.1,1,0,31.4222,0,3,3,1
1.66922E+12,9.85714,7,0,0.003648,2,0,7,14.4286,7,0,0.1,2,0,29.6425,31,6,6,1
1.66922E+12,0,0,0,0,0,0,6.83333,0,0,0,0,0,0,0,0,0,0,0
1.66922E+12,8.57143,7,0,0.003168,2,0,6.66667,11.5714,7,0,0.1,2,0,30.7389,31,6,6,1
1.66922E+12,0,0,0,0,0,0,6.5,0,3,0,0.1,1,0,0,31,0,0,0
1.66922E+12,0,0,0,0,0,0,6.16667,12.1429,7,0,0.1,2,0,30.0171,31,0,0,1
1.66922E+12,11,7,0,0.004032,2,0,6.16667,0,0,0,0,0,0,0,0,6,6,0
1.66922E+12,10.531,113,0,0.235936,32,0,6,15.0909,55,0,0.631488,16,0,25.5552,31,454,351,1
1.66922E+12,9.16667,36,0,0.044864,10,0,6,13.8235,17,706,0.1,5,0,29.0285,31,37,75,1
1.66922E+12,9.95652,23,0,0.013024,7,0,6,15.7662,77,0,1.14867,22,0,23.9171,31,21,21,1
1.66922E+12,9.58823,17,0,0.03792,5,0,6,15.8158,38,0,0.58224,11,0,23.7784,31,35,60,1
1.66922E+12,9.625,24,0,0.032288,7,0,6,11.5714,7,0,0.1,2,0,31.7097,31,33,51,1
1.66922E+12,0,0,0,0,0,0,6,0,0,0,0,0,0,0,0,0,0,0
1.66922E+12,0,0,0,0,0,0,6,0,0,0,0,0,0,0,0,0,0,0
1.66922E+12,8,4,0,0.001568,1,0,6,13.2857,7,0,0.1,2,0,31.1513,31,3,3,1
1.66922E+12,9,4,0,0.001824,1,0,7.16667,0,0,0,0,0,0,0,0,3,3,0
1.66922E+12,0,0,0,0,0,0,7.16667,0,0,0,0,0,0,0,0,0,0,0
1.66922E+12,0,0,0,0,0,0,7.16667,0,0,0,0,0,0,0,0,0,0,0
1.66922E+12,0,0,0,0,0,0,7.85714,0,0,0,0,0,0,0,0,0,0,0
1.66922E+12,0,0,0,0,0,0,7.5,0,0,0,0,0,0,0,0,0,0,0
1.66922E+12,8,4,0,0.001568,1,0,7.5,13.2857,7,0,0.1,2,0,31.3901,31,3,3,1
1.66922E+12,9,4,0,0.001824,1,0,8,14.4286,7,0,0.1,2,0,30.1476,31,3,3,1
1.66922E+12,12.1774,62,0,0.035328,14,0,8.16667,15.5625,48,0,0.61952,14,0,26.6657,31,54,54,1
1.66922E+12,11.3761,109,0,0.185728,35,0,8,14.7292,48,0,0.347872,14,0,28.8811,31,150,204,1
1.66922E+12,11.2143,14,0,0.04288,4,0,8,12.4286,14,0,0.1,4,0,32.0365,31,21,57,1
1.66922E+12,13.4878,41,0,0.19968,12,0,7.83333,13.2857,7,0,0.1,2,0,31.259,31,221,201,1
1.66922E+12,8,4,0,0.001568,1,0,7.66667,13.2857,7,0,0.1,2,0,31.9963,31,3,3,1
1.66922E+12,0,0,0,0,0,0,7.16667,0,3,0,0.1,1,0,0,31,0,0,0
1.66922E+12,4.85714,7,0,0.001888,2,0,5.16667,12.1429,7,0,0.1,2,0,34.8854,31,6,6,1
1.66922E+12,6.6129,31,0,0.01104,9,0,5,15.5952,42,0,0.574912,12,0,30.695,31,27,27,1
1.66922E+12,6.3125,64,0,0.01936,11,0,5,14.4286,14,0,0.1,4,0,34.0006,31,55,69,1
1.66922E+12,0,0,0,0.008768,7,0,5,0,0,0,0,0,0,0,0,0,0,0
1.66922E+12,4.42857,7,0,0.001664,2,0,5,13.2857,7,0,0.1,2,0,36.3733,31,6,6,1
1.66922E+12,0,0,0,0,0,0,5,0,0,0,0,0,0,0,0,0,0,0
1.66922E+12,0,0,0,0,0,0,5,0,0,0,0,0,0,0,0,0,0,0
1.66922E+12,0,0,0,0,0,0,5,0,3,0,0.1,1,0,0,31,0,0,0
1.66922E+12,0,0,0,0,0,0,5,0,0,0,0,0,0,0,0,0,0,0
1.66922E+12,0,0,0,0,0,0,5.28571,0,0,0,0,0,0,0,0,0,0,0
1.66922E+12,0,0,0,0,0,0,5.33333,0,0,0,0,0,0,0,0,0,0,0
1.66922E+12,0,0,0,0,0,0,5.5,0,0,0,0,0,0,0,0,0,0,0
1.66922E+12,0,0,0,0,0,0,5.5,0,0,0,0,0,0,0,0,0,0,0
1.66922E+12,0,0,0,0,0,0,5.42857,0,0,0,0,0,0,0,0,0,0,0
1.66922E+12,0,0,0,0,0,0,5.33333,0,0,0,0,0,0,0,0,0,0,0
1.66922E+12,0,0,0,0,0,0,5.16667,0,0,0,0,0,0,0,0,0,0,0
1.66922E+12,0,0,0,0,0,0,5,0,0,0,0,0,0,0,0,0,0,0
1.66922E+12,0,0,0,0,0,0,5,0,0,0,0,0,0,0,0,0,0,0
1.66922E+12,0,0,0,0,0,0,5.16667,0,0,0,0,0,0,0,0,0,0,0
1.66922E+12,0,0,0,0,0,0,5.33333,0,0,0,0,0,0,0,0,0,0,0
1.66922E+12,9,12,0,0.005472,3,0,5.66667,15.8158,38,0,0.58224,11,0,29.4868,31,9,9,1
1.66922E+12,6.31429,35,0,0.048736,10,0,5.57143,11.5714,7,0,0.1,2,0,35.1514,31,66,105,1
1.66922E+12,8,4,0,0.010144,1,0,6,11.5714,7,0,0.1,2,0,35.6213,31,4,18,1
1.66922E+12,6.75824,91,0,0.20048,26,0,5.16667,13.2857,7,0,0.1,2,0,34.3225,31,671,423,1
1.66922E+12,0,0,0,0,0,0,5.66667,0,0,0,0,0,0,0,0,0,0,0
1.66922E+12,4.42857,7,0,0.001664,2,0,5.71429,13.2857,7,0,0.1,2,0,35.1106,31,6,6,1
1.66922E+12,10.5385,13,0,0.006048,3,0,6,14.6,10,967,0.1,3,0,34.7458,31,12,12,1
1.66922E+12,9.82353,17,0,0.02176,6,0,6.16667,15.7381,42,0,0.596736,12,0,30.7288,31,17,30,1
1.66922E+12,9.57831,83,0,0.052128,23,0,6.16667,15.3778,90,0,1.22349,26,0,30.9411,31,70,84,1
1.66922E+12,9.85366,82,0,0.061792,23,0,6,15.2976,84,0,1.16115,24,0,30.79,31,72,99,1
1.66922E+12,9.27778,18,0,0.008384,5,0,6.14286,12.7143,14,0,0.1,4,0,35.0171,31,15,15,1
1.66922E+12,4.85714,7,0,0.001888,2,0,5.42857,0,0,0,0,0,0,0,0,6,6,0
1.66922E+12,6.63636,11,0,0.003648,3,0,5,14.4286,7,0,0.1,2,0,32.8218,31,9,9,1
1.66922E+12,5.11111,18,0,0.004992,5,0,5,13.2857,7,0,0.1,2,0,33.8868,31,15,15,1
1.66922E+12,0,0,0,0,0,0,4,0,3,0,0.1,1,0,0,31,0,0,0
1.66922E+12,5,28,0,0.007168,8,0,4,15.4375,16,1326,0.176864,5,0,30.4322,31,24,24,1
1.66922E+12,5.34091,220,0,0.206464,63,0,5,15.0519,77,0,0.935424,22,0,30.2589,31,420,558,1
1.66922E+12,4.57143,21,0,0.010336,6,0,4.16667,11.5714,7,0,0.1,2,0,35.3426,31,19,33,1
1.66922E+12,4.74436,133,0,0.203392,38,0,4,14.6,10,0,0.1,3,0,33.0445,31,1092,621,1
1.66922E+12,0,0,45,0,0,0,4.14286,0,3,67,0.1,1,0,0,31,0,0,0
1.66922E+12,4.42857,7,0,0.001664,2,0,4,12,4,0,0.1,1,0,35.9632,0,6,6,1
1.66922E+12,4.42857,7,0,0.001664,2,0,4.83333,13.2857,7,0,0.1,2,0,34.3725,31,6,6,1
1.66922E+12,0,0,0,0,0,0,4.83333,0,0,0,0,0,0,0,0,0,0,0
1.66922E+12,0,0,0,0,0,0,4.5,0,0,0,0,0,0,0,0,0,0,0
1.66922E+12,0,0,0,0,0,0,4.71429,0,0,0,0,0,0,0,0,0,0,0
1.66922E+12,0,0,0,0,0,0,5,0,0,0,0,0,0,0,0,0,0,0
1.66922E+12,0,0,0,0,0,0,5,0,0,0,0,0,0,0,0,0,0,0
1.66922E+12,0,0,0,0,0,0,5,12.1429,7,0,0.1,2,0,32.6141,31,0,0,1
1.66922E+12,4.71429,14,0,0.003456,3,0,5,0,3,706,0.1,1,0,0,31,12,12,0
1.66922E+12,7.81818,66,0,0.038784,20,0,5.16667,15.125,56,0,0.63456,16,0,28.762,31,61,72,1
1.66922E+12,9,10,0,0.005472,3,0,6.66667,15.8158,38,0,0.58224,11,0,28.2406,31,9,9,1
1.66922E+12,11.5714,7,0,0.004352,2,0,6.5,11.5714,7,0,0.1,2,0,34.3045,31,6,6,1
1.66922E+12,0,0,0,0,0,0,6.66667,0,0,0,0,0,0,0,0,0,0,0
1.66922E+12,10.3103,87,0,0.249792,25,0,6.57143,14.4286,7,0,0.1,2,0,32.6368,31,767,375,1
1.66922E+12,8,4,0,0.001568,1,0,6.66667,13.2857,7,0,0.1,2,0,34.3639,31,3,3,1
1.66922E+12,10.6667,21,0,0.013248,6,0,7.83333,15.6,45,0,0.608544,13,0,28.9018,31,18,18,1
1.66922E+12,10.3043,23,0,0.0208,6,0,7.42857,15,10,515,0.1,3,0,31.9186,31,22,36,1
1.66922E+12,9.57895,114,0,0.082304,33,0,7.5,14.3218,87,0,0.78416,25,0,30.7226,31,98,126,1
1.66922E+12,9.78462,65,0,0.047456,18,0,7.16667,13.2857,28,0,0.1,8,0,33.747,31,56,69,1
1.66922E+12,0,0,0,0.001824,1,0,7,12.1429,7,0,0.1,2,0,36.1479,31,0,0,1
1.66922E+12,9.39535,43,0,0.021824,11,0,7,14.7143,14,0,0.1,4,0,33.9284,31,36,36,1
1.66922E+12,8.07143,14,0,0.015328,5,0,7,12.1429,21,0,0.1,6,0,35.9452,31,13,27,1
1.66922E+12,9,4,0,0.001824,1,0,7,14.6,10,146184,0.1,3,0,34.7759,31,3,3,1
1.66922E+12,9,8,0,0.003648,2,0,7,16,32,0,0.537312,9,0,30.9363,0,6,6,1
1.66922E+12,12,14,0,0.050688,4,0,7,11.5714,7,0,0.1,2,0,36.6226,31,38,63,1
1.66922E+12,0,3,0,0.010144,1,0,7,11.5714,7,0,0.1,2,0,35.32,31,4,18,1
1.66922E+12,11.1905,63,0,0.202816,18,0,7,13.8571,14,0,0.1,4,0,36.2923,31,285,267,1
1.66922E+12,9,4,0,0.001824,1,0,5.71429,0,0,0,0,0,0,0,0,3,3,0
1.66922E+12,0,0,0,0,0,0,5.5,0,0,0,0,0,0,0,0,0,0,0
1.66922E+12,0,0,0,0,0,0,5.66667,0,0,0,0,0,0,0,0,0,0,0
1.66922E+12,8,4,0,0.001568,1,0,5.83333,13.2857,7,0,0.1,2,0,34.3601,31,3,3,1
1.66922E+12,0,0,0,0,0,0,4.71429,12.1429,7,0,0.1,2,0,35.0402,31,0,0,1
1.66922E+12,4.71429,14,0,0.002144,2,0,4.83333,15,10,148092,0.1,3,0,32.0846,31,12,12,1
1.66922E+12,6.25,32,0,0.012736,11,0,4.83333,15.7105,38,0,0.560544,11,0,29.889,31,27,27,1
1.66922E+12,5.82222,45,0,0.02736,13,0,4.5,13.0952,21,0,0.1,6,0,33.7915,31,49,72,1
1.66922E+12,4.42857,7,0,0.001664,2,0,5,13.8,10,0,0.1,3,0,34.455,31,6,6,1
1.66922E+12,0,0,0,0,0,0,5,0,0,0,0,0,0,0,0,0,0,0
1.66922E+12,0,0,0,0,0,0,5,0,0,0,0,0,0,0,0,0,0,0
1.66922E+12,0,0,0,0,0,0,5,0,0,0,0,0,0,0,0,0,0,0
1.66922E+12,0,0,0,0,0,0,5,0,0,0,0,0,0,0,0,0,0,0
1.66922E+12,0,0,0,0,0,0,5.14286,0,0,0,0,0,0,0,0,0,0,0
1.66922E+12,0,0,0,0,0,0,5.16667,0,3,0,0.1,1,0,0,31,0,0,0
1.66922E+12,6.7,10,0,0.003648,3,0,5,14.4286,7,0,0.1,2,0,36.257,31,9,9,1
1.66922E+12,4.57143,14,0,0.003392,4,0,4.66667,11.5714,7,0,0.1,2,0,34.8427,31,12,12,1
1.66922E+12,4.42857,7,0,0.001664,2,0,4.83333,13.2857,7,0,0.1,2,0,36.6536,31,6,6,1
1.66922E+12,4.42857,7,0,0.001664,2,0,4.5,13.2857,7,0,0.1,2,0,34.7837,31,6,6,1
1.66922E+12,0,0,0,0,0,0,6,0,3,0,0.1,1,0,0,31,0,0,0
1.66922E+12,4.42857,7,0,0.001664,2,0,5,13.2857,7,0,0.1,2,0,32.8234,31,6,6,1
1.66922E+12,4.42857,7,0,0.001664,2,0,4.85714,13.2857,7,0,0.1,2,0,34.8235,31,6,6,1
1.66922E+12,4.57143,7,0,0.001728,2,0,4.57143,13.2857,7,0,0.1,2,0,34.658,31,6,6,1
1.66922E+12,4.42857,7,0,0.001664,2,0,5,13.2857,7,0,0.1,2,0,36.1152,31,6,6,1
1.66922E+12,0,0,45,0,0,0,4.42857,0,3,67,0.1,1,0,0,31,0,0,0
1.66922E+12,4.57143,7,0,0.001728,2,0,4.83333,12,4,0,0.1,1,0,35.9459,0,6,6,1
1.66922E+12,0,0,0,0,0,0,4.66667,0,0,0,0,0,0,0,0,0,0,0
1.66922E+12,0,0,0,0,0,0,4.5,0,3,0,0.1,1,0,0,31,0,0,0
1.66922E+12,0,3,0,0.001024,1,0,0.1,0.1,4,0,0.1,1,0,31.9488,0,0,3,1
1.66922E+12,0,0,0,0,0,0,0.1,0,0,0,0,0,0,0,0,0,0,0
1.66922E+12,2.31579,19,0,0.002912,5,0,9,10.7143,28,0,0.1,8,0,37.0307,31,0,15,1
1.66922E+12,8,4,0,0.001568,1,0,9,13.2857,7,0,0.1,2,0,35.0447,31,0,3,1
1.66922E+12,0,6,0,0.015808,2,0,9,12.8824,17,107,0.1,5,0,34.7239,31,0,15,1
1.66922E+12,15.2222,18,0,0.083552,5,0,9,15.4364,55,0,0.756192,16,0,31.8851,31,0,63,1
1.66922E+12,13.3182,22,0,0.049216,6,0,8.83333,14.8269,52,0,0.621792,15,0,32.6238,31,0,48,1
1.66922E+12,0,0,0,0,0,0,8.66667,15.875,24,0,0.349792,7,0,31.6897,31,0,0,1
1.66922E+12,11.2,15,0,0.014816,3,0,8.57143,14.1282,39,0,0.34512,11,0,33.5928,31,0,21,1
1.66922E+12,0,0,0,0.002336,1,0,8.66667,0,0,0,0,0,0,0,0,0,0,0
1.66922E+12,0,0,0,0,0,0,8.33333,0,0,0,0,0,0,0,0,0,0,0
1.66922E+12,12.7,10,0,0.013152,3,0,8.66667,14.4286,7,0,0.1,2,0,34.2504,31,0,15,1
1.66922E+12,0,0,0,0,0,0,8,0,3,0,0.1,1,0,0,31,0,0,0
1.66922E+12,0,0,0,0,0,0,8.16667,0,0,0,0,0,0,0,0,0,0,0
1.66922E+12,8,4,0,0.001568,1,0,8,13.2857,7,0,0.1,2,0,34.7584,31,0,3,1
1.66922E+12,11.8571,7,0,0.0048,2,0,8.57143,0,3,146,0.1,1,0,0,31,0,6,0
1.66922E+12,8,4,0,0.001568,1,0,8.83333,13.5455,11,0,0.1,3,0,35.3514,31,0,3,1
1.66922E+12,10.8,10,0,0.007008,3,0,9,14.4286,7,0,0.1,2,0,31.6869,31,0,9,1
1.66922E+12,9.8,10,0,0.00576,2,0,9.16667,14.5833,24,0,0.242944,7,0,29.7135,31,0,12,1
1.66922E+12,13.8842,95,0,0.293184,28,0,9,15.7981,104,0,1.53366,30,0,27.3652,31,117,246,1
1.66922E+12,16.2857,7,0,0.03616,2,0,9,15.1556,45,0,0.609824,13,0,27.9944,31,19,30,1
1.66922E+12,0,0,0,0,0,0,9,0,3,0,0.1,1,0,0,31,0,0,0
1.66922E+12,0,0,0,0,0,0,9,0,0,0,0,0,0,0,0,0,0,0
1.66922E+12,0,0,0,0,0,0,9,0,0,0,0,0,0,0,0,0,0,0
1.66922E+12,0,0,0,0,0,0,9,0,0,0,0,0,0,0,0,0,0,0
1.66922E+12,0,0,0,0,0,0,9,0,3,0,0.1,1,0,0,31,0,0,0
1.66922E+12,0,0,0,0,0,0,9,0,0,0,0,0,0,0,0,0,0,0
1.66922E+12,0,0,0,0,0,0,9,0,0,0,0,0,0,0,0,0,0,0
1.66922E+12,0,0,0,0,0,0,9,0,0,0,0,0,0,0,0,0,0,0
1.66922E+12,8,4,0,0.001568,1,0,9,13.2857,7,0,0.1,2,0,33.3228,31,3,3,1
1.66922E+12,0,0,0,0,0,0,9,0,0,0,0,0,0,0,0,0,0,0
1.66922E+12,0,0,0,0,0,0,9,0,0,0,0,0,0,0,0,0,0,0
1.66922E+12,0,0,0,0,0,0,9,0,0,0,0,0,0,0,0,0,0,0
1.66922E+12,0,0,0,0,0,0,9,0,0,0,0,0,0,0,0,0,0,0
1.66922E+12,0,0,0,0,0,0,9,14.4286,7,0,0.1,2,0,33.4178,31,0,0,1
1.66922E+12,12.1176,34,0,0.024992,10,0,9,15.7561,41,2127,0.608,12,0,27.8706,31,30,30,1
1.66922E+12,15.4324,37,0,0.079264,11,0,9,15.0588,17,0,0.163424,5,0,29.9666,31,55,63,1
1.66922E+12,0,0,0,0,0,0,9.16667,0,0,0,0,0,0,0,0,0,0,0
1.66922E+12,10.8571,14,0,0.009024,4,0,9,15.2444,45,0,0.625984,13,0,27.9612,31,12,12,1
1.66922E+12,12.5294,17,0,0.01216,5,0,9,13.3529,17,57,0.1,5,0,32.759,31,15,15,1
1.66922E+12,0,3,0,0.002976,1,0,9,9,4,0,0.1,1,0,35.6817,0,3,3,1
1.66922E+12,0,0,0,0,0,0,9,0,0,0,0,0,0,0,0,0,0,0
1.66922E+12,13.6512,43,0,0.090816,12,0,9,15.7848,79,0,1.22947,23,0,27.9827,31,61,75,1
1.66922E+12,0,0,0,0,0,0,9,0,0,0,0,0,0,0,0,0,0,0
1.66922E+12,13.6364,11,0,0.028768,3,0,9,14.4286,7,0,0.1,2,0,33.0647,31,17,30,1
1.66922E+12,0,0,0,0,0,0,8.83333,0,0,0,0,0,0,0,0,0,0,0
1.66922E+12,0,0,0,0,0,0,9,0,0,0,0,0,0,0,0,0,0,0
1.66922E+12,0,0,0,0,0,0,8.85714,0,0,0,0,0,0,0,0,0,0,0
1.66922E+12,8.85714,7,0,0.004448,2,0,9,14.9412,17,0,0.104032,5,0,31.9002,31,6,6,1
1.66922E+12,12.1818,11,0,0.007776,3,0,8.83333,13.2857,7,0,0.1,2,0,33.7005,31,9,9,1
1.66922E+12,0,0,0,0,0,0,9,15.8158,38,0,0.58224,11,0,28.4387,31,0,0,1
1.66922E+12,11.3571,14,0,0.008896,4,0,9,15.2444,45,0,0.602016,13,0,29.1107,31,12,12,1
1.66922E+12,11.8,10,0,0.00752,3,0,9,12.1429,7,0,0.1,2,0,34.4036,31,9,9,1
1.66922E+12,10.4,10,0,0.00624,3,0,9,12.2353,17,0,0.1,5,0,33.7469,31,9,9,1
1.66922E+12,0,0,0,0,0,0,9,15.8158,38,0,0.58224,11,0,29.2996,31,0,0,1
1.66922E+12,12,10,0,0.007008,3,0,9,14.4286,7,0,0.1,2,0,34.0206,31,9,9,1
1.66922E+12,10.7143,14,0,0.009088,4,0,9,13.2857,14,0,0.1,4,0,34.6333,31,12,12,1
1.66922E+12,0,0,0,0,0,0,9,0,0,0,0,0,0,0,0,0,0,0
1.66922E+12,0,0,0,0,0,0,9,0,0,0,0,0,0,0,0,0,0,0
1.66922E+12,0,0,0,0,0,0,9,15.8158,38,0,0.585312,11,0,28.7471,31,0,0,1
1.66922E+12,12,7,0,0.004672,2,0,9,12.1429,7,0,0.1,2,0,33.9176,31,6,6,1
1.66922E+12,12.8182,11,0,0.00752,3,0,9,12.1429,7,0,0.1,2,0,33.6469,31,9,9,1
1.66922E+12,0,0,0,0,0,0,9,0,0,0,0,0,0,0,0,0,0,0
1.66922E+12,0,0,0,0,0,0,8.66667,0,0,0,0,0,0,0,0,0,0,0
1.66922E+12,0,0,0,0,0,0,8.83333,0,0,0,0,0,0,0,0,0,0,0
1.66922E+12,14,18,0,0.06736,5,0,8.5,13,14,0,0.1,4,0,34.7166,31,33,72,1
1.66922E+12,12,7,0,0.004672,2,0,8.42857,13.8235,17,78,0.1,5,0,33.5257,31,6,6,1
1.66922E+12,12.5294,17,0,0.013568,5,0,8.5,12.8182,11,0,0.1,3,0,34.4523,31,15,15,1
1.66922E+12,0,0,0,0,0,0,8.16667,0,0,0,0,0,0,0,0,0,0,0
1.66922E+12,0,0,0,0,0,0,8,0,0,0,0,0,0,0,0,0,0,0
1.66922E+12,0,0,0,0,0,0,8,15.8158,38,0,0.58224,11,0,28.8697,31,0,0,1
1.66922E+12,12,7,0,0.004672,2,0,8.16667,12.1429,7,0,0.1,2,0,33.6715,31,6,6,1
1.66922E+12,13.2857,7,0,0.005184,2,0,8.33333,12.1429,7,0,0.1,2,0,34.3467,31,6,6,1
1.66922E+12,16.1176,17,0,0.060576,5,0,8.66667,15.8,65,0,1.01254,19,0,29.3656,31,37,45,1
1.66922E+12,0,0,0,0,0,0,8,15.8537,41,0,0.64944,12,0,29.5172,31,0,0,1
1.66922E+12,13.8438,32,0,0.062752,7,0,8.16667,14.4286,7,0,0.1,2,0,33.8495,31,50,63,1
1.66922E+12,8,4,0,0.00688,3,0,8,13.8571,14,0,0.1,4,0,34.538,31,3,3,1
1.66922E+12,0,0,0,0,0,0,8,0,0,0,0,0,0,0,0,0,0,0
1.66922E+12,0,0,0,0,0,0,8,0,0,0,0,0,0,0,0,0,0,0
1.66922E+12,0,0,0,0,0,0,8,0,0,0,0,0,0,0,0,0,0,0
1.66922E+12,0,0,0,0,0,0,8.16667,0,0,0,0,0,0,0,0,0,0,0
1.66922E+12,0,0,0,0,0,0,8.83333,0,0,0,0,0,0,0,0,0,0,0
1.66922E+12,0,0,0,0,0,0,8.71429,0,0,0,0,0,0,0,0,0,0,0
1.66922E+12,0,0,0,0,0,0,8.83333,0,0,0,0,0,0,0,0,0,0,0
1.66922E+12,0,0,0,0,0,0,8.83333,0,0,0,0,0,0,0,0,0,0,0
1.66922E+12,0,0,0,0,0,0,8.83333,0,0,0,0,0,0,0,0,0,0,0
1.66922E+12,0,0,0,0,0,0,8.71429,0,0,0,0,0,0,0,0,0,0,0
1.66922E+12,0,0,0,0,0,0,9,0,0,0,0,0,0,0,0,0,0,0
1.66922E+12,0,0,0,0,0,0,9,0,0,0,0,0,0,0,0,0,0,0
1.66922E+12,0,0,0,0,0,0,9,0,0,0,0,0,0,0,0,0,0,0
1.66922E+12,0,0,0,0,0,0,9,0,0,0,0,0,0,0,0,0,0,0
1.66922E+12,12,4,0,0.002336,1,0,9,15.8158,38,0,0.58224,11,0,29.9204,31,3,3,1
1.66922E+12,12,4,0,0.002336,1,0,8.66667,12.1429,7,0,0.1,2,0,33.5986,31,3,3,1
1.66922E+12,11.8,10,0,0.00752,3,0,8.83333,12.1429,7,0,0.1,2,0,34.2667,31,9,9,1
1.66922E+12,0,0,0,0,0,0,8.71429,0,0,0,0,0,0,0,0,0,0,0
1.66922E+12,0,0,0,0,0,0,8.66667,0,0,0,0,0,0,0,0,0,0,0
1.66922E+12,8,4,0,0.001568,1,0,8.5,13.2857,7,0,0.1,2,0,35.3387,31,3,3,1
1.66922E+12,0,0,0,0,0,0,8.5,0,0,0,0,0,0,0,0,0,0,0
1.66922E+12,0,0,0,0,0,0,8.57143,0,0,0,0,0,0,0,0,0,0,0
1.66922E+12,0,0,0,0,0,0,9,0,0,0,0,0,0,0,0,0,0,0
1.66922E+12,0,0,0,0,0,0,9,0,0,0,0,0,0,0,0,0,0,0
1.66922E+12,0,0,0,0,0,0,8.83333,0,0,0,0,0,0,0,0,0,0,0
1.66922E+12,0,0,0,0,0,0,8.85714,0,0,0,0,0,0,0,0,0,0,0
1.66922E+12,0,0,0,0,0,0,9,0,0,0,0,0,0,0,0,0,0,0
1.66922E+12,0,6,0,0.004672,2,0,9,15.8158,38,0,0.585312,11,0,30.04,31,6,6,1
1.66922E+12,13.2857,7,0,0.005184,2,0,9,12.1429,14,0,0.1,4,0,34.8428,31,6,6,1
1.66922E+12,12,4,0,0.002336,1,0,9,0,0,0,0,0,0,0,0,3,3,0
1.66922E+12,12,7,0,0.004672,2,0,9,15.2444,45,0,0.602016,13,0,30.9957,31,6,6,1
1.66922E+12,0,0,0,0,0,0,8.83333,0,0,0,0,0,0,0,0,0,0,0
1.66922E+12,11.8182,11,0,0.005184,2,0,9,12.1429,7,0,0.1,2,0,35.7702,31,9,9,1
1.66922E+12,12.6923,13,0,0.045088,5,0,9,13.2857,14,0,0.1,4,0,35.1866,31,22,48,1
1.66922E+12,0,0,0,0,0,0,9,14.7143,14,0,0.1,4,0,33.7982,31,0,0,1
1.66922E+12,12,7,0,0.016832,2,0,9,14.4286,7,0,0.1,2,0,34.4967,31,8,21,1
1.66922E+12,0,0,0,0,0,0,9,0,0,0,0,0,0,0,0,0,0,0
1.66922E+12,0,0,0,0,0,0,9,0,0,0,0,0,0,0,0,0,0,0
1.66922E+12,0,0,0,0,0,0,9,0,0,0,0,0,0,0,0,0,0,0
1.66922E+12,12,4,0,0.002336,1,0,8.83333,12.1429,7,0,0.1,2,0,34.3183,31,3,3,1
1.66922E+12,8,4,0,0.001568,1,0,8.66667,13.2857,7,0,0.1,2,0,34.4975,31,3,3,1
1.66922E+12,0,0,0,0,0,0,8.71429,0,0,0,0,0,0,0,0,0,0,0
1.66922E+12,0,0,0,0,0,0,8.5,0,0,0,0,0,0,0,0,0,0,0
1.66922E+12,0,0,0,0,0,0,8.5,0,0,0,0,0,0,0,0,0,0,0
1.66922E+12,0,0,0,0,0,0,8.5,0,0,0,0,0,0,0,0,0,0,0
1.66922E+12,0,0,0,0,0,0,8.85714,0,0,0,0,0,0,0,0,0,0,0
1.66922E+12,0,0,0,0,0,0,9,15.8158,38,0,0.58224,11,0,29.9551,31,0,0,1
1.66922E+12,0,0,0,0,0,0,9,15.5882,17,0,0.228096,5,0,30.8626,31,0,0,1
1.66922E+12,12,21,0,0.01408,6,0,9,15.0357,28,0,0.37392,8,0,30.9403,31,18,18,1
1.66922E+12,0,0,0,0,0,0,9,0,0,0,0,0,0,0,0,0,0,0
1.66922E+12,0,0,0,0,0,0,9,0,0,0,0,0,0,0,0,0,0,0
1.66922E+12,0,0,0,0,0,0,9,0,0,0,0,0,0,0,0,0,0,0
1.66922E+12,0,0,0,0,0,0,9,0,0,0,0,0,0,0,0,0,0,0
1.66922E+12,0,0,0,0,0,0,9,0,0,0,0,0,0,0,0,0,0,0
1.66922E+12,0,0,0,0,0,0,9,0,0,0,0,0,0,0,0,0,0,0
1.66922E+12,0,0,0,0,0,0,9,0,0,0,0,0,0,0,0,0,0,0
1.66922E+12,0,0,0,0,0,0,9,0,0,0,0,0,0,0,0,0,0,0
1.66922E+12,0,0,0,0,0,0,9,0,0,0,0,0,0,0,0,0,0,0
1.66922E+12,0,0,0,0,0,0,9,0,0,0,0,0,0,0,0,0,0,0
1.66922E+12,0,0,0,0,0,0,9,0,0,0,0,0,0,0,0,0,0,0
1.66922E+12,8,4,0,0.001568,1,0,9,13.2857,7,0,0.1,2,0,35.9412,31,3,3,1
1.66922E+12,0,0,0,0,0,0,9,0,0,0,0,0,0,0,0,0,0,0
1.66922E+12,0,0,0,0,0,0,9,0,0,0,0,0,0,0,0,0,0,0
1.66922E+12,0,0,0,0,0,0,9,15.8158,38,0,0.58224,11,0,30.7325,31,0,0,1
1.66922E+12,0,0,0,0,0,0,9.16667,0,0,0,0,0,0,0,0,0,0,0
1.66922E+12,13.5,18,0,0.014016,5,0,9,14.4286,7,0,0.1,2,0,34.7716,31,15,15,1
1.66922E+12,0,3,0,0.002336,1,0,8.83333,12.1429,7,0,0.1,2,0,37.2028,31,3,3,1
1.66922E+12,8,4,0,0.001568,1,0,8.83333,15.4222,45,0,0.601632,13,0,31.548,31,3,3,1
1.66922E+12,0,6,0,0.004672,2,0,8.57143,12.1429,7,0,0.1,2,0,35.4133,31,6,6,1
1.66922E+12,12.9,10,0,0.00752,3,0,9,13,10,0,0.1,3,0,35.5286,31,9,9,1
1.66922E+12,8,4,0,0.001568,1,0,7.83333,13.2857,7,0,0.1,2,0,36.1658,31,3,3,1
1.66922E+12,0,0,0,0,0,0,8,15.8158,38,0,0.58224,11,0,31.6034,31,0,0,1
1.66922E+12,0,6,0,0.004672,2,0,8,12.1429,7,0,0.1,2,0,35.8701,31,6,6,1
1.66922E+12,11.7143,7,0,0.005184,2,0,8.16667,12.1429,7,0,0.1,2,0,36.0202,31,6,6,1
1.66922E+12,12,4,0,0.002336,1,0,8.66667,0,0,0,0,0,0,0,0,3,3,0
1.66922E+12,0,0,0,0,0,0,8.71429,0,0,0,0,0,0,0,0,0,0,0
1.66922E+12,0,0,0,0,0,0,9,0,0,0,0,0,0,0,0,0,0,0
1.66922E+12,0,0,0,0,0,0,9,15.8158,38,0,0.585312,11,0,31.666,31,0,0,1
1.66922E+12,11.1429,7,0,0.004448,2,0,9,12.1429,7,0,0.1,2,0,34.9284,31,6,6,1
1.66922E+12,12.9,10,0,0.00752,3,0,9,12.1429,7,0,0.1,2,0,35.7053,31,9,9,1
1.66922E+12,0,0,0,0,0,0,9,0,0,0,0,0,0,0,0,0,0,0
1.66922E+12,0,0,0,0,0,0,9,0,0,0,0,0,0,0,0,0,0,0
1.66922E+12,0,0,0,0,0,0,9,12.1429,7,0,0.1,2,0,36.0373,31,0,0,1
1.66922E+12,16.4516,62,0,0.279264,17,0,9,14.4058,69,78,0.681088,20,0,33.2772,31,177,219,1
1.66922E+12,12.6383,47,0,0.087872,15,0,9,13,28,0,0.183488,8,0,35.0811,31,56,87,1
1.66922E+12,0,0,0,0,0,0,9,0,0,0,0,0,0,0,0,0,0,0
1.66922E+12,16.2424,66,0,0.264192,18,0,9,15.3548,93,0,1.19741,27,0,32.2407,31,175,222,1
1.66922E+12,9.95455,22,0,0.062048,7,0,9,14.9615,52,0,0.62896,15,0,32.3032,31,23,48,1
1.66922E+12,0,0,0,0,0,0,9,0,0,0,0,0,0,0,0,0,0,0
1.66922E+12,10,7,0,0.004704,2,0,9,0,0,0,0,0,0,0,0,6,6,0
1.66922E+12,8,4,0,0.001568,1,0,9,12.7143,14,0,0.1,4,0,36.5344,31,3,3,1
1.66922E+12,12,8,0,0.004672,2,0,8,14.4286,7,0,0.1,2,0,34.99,31,6,6,1
1.66922E+12,8,4,0,0.001568,1,0,8,13.2857,7,0,0.1,2,0,35.6509,31,3,3,1
1.66922E+12,0,0,0,0,0,0,7.83333,0,0,0,0,0,0,0,0,0,0,0
1.66922E+12,0,0,0,0,0,0,8,0,0,0,0,0,0,0,0,0,0,0
1.66922E+12,0,0,0,0,0,0,8,0,0,0,0,0,0,0,0,0,0,0
1.66922E+12,0,0,0,0,0,0,8,0,0,0,0,0,0,0,0,0,0,0
1.66922E+12,0,0,0,0,0,0,8,0,0,0,0,0,0,0,0,0,0,0
1.66922E+12,0,0,0,0,0,0,8,0,0,0,0,0,0,0,0,0,0,0
1.66922E+12,0,0,0,0,0,0,8,0,0,0,0,0,0,0,0,0,0,0
1.66922E+12,10.0714,14,0,0.008448,4,0,8.14286,13.2857,7,0,0.1,2,0,34.3507,31,12,12,1
1.66922E+12,12,7,0,0.004672,2,0,7,12.1429,14,0,0.1,4,0,35.7941,31,6,6,1
1.66922E+12,8,4,0,0.001568,1,0,7,13.2857,7,0,0.1,2,0,36.4692,31,3,3,1
1.66922E+12,0,0,0,0,0,0,7,0,0,0,0,0,0,0,0,0,0,0
1.66922E+12,9,4,0,0.001824,1,0,6.83333,0,0,0,0,0,0,0,0,3,3,0
1.66922E+12,0,0,0,0,0,0,7,0,0,0,0,0,0,0,0,0,0,0
1.66922E+12,0,0,0,0,0,0,7,0,0,0,0,0,0,0,0,0,0,0
1.66922E+12,0,0,0,0,0,0,7,0,0,0,0,0,0,0,0,0,0,0
1.66922E+12,0,0,0,0,0,0,7,13.2857,7,0,0.1,2,0,36.515,31,0,0,1
1.66922E+12,10.1818,33,0,0.01776,9,0,6.5,15.1346,52,0,0.648064,15,0,32.84,31,27,27,1
1.66922E+12,8.05556,18,0,0.008064,5,0,6.42857,11.5714,14,0,0.1,4,0,36.345,31,15,15,1
1.66922E+12,10.7143,42,0,0.073856,12,0,7.16667,15.1186,59,0,0.66912,17,0,32.3239,31,54,96,1
1.66922E+12,11.1441,111,0,0.188288,29,0,7,15.35,100,0,1.3001,29,0,31.7705,31,173,255,1
1.66922E+12,11.1724,29,0,0.02624,12,0,7,13.8571,21,0,0.1,6,0,34.8663,31,27,27,1
1.66922E+12,0,0,0,0,0,0,7,0,3,0,0.1,1,0,0,31,0,0,0
1.66922E+12,0,3,0,0.002336,1,0,7,13.2857,7,0,0.1,2,0,34.2766,31,3,3,1
1.66922E+12,0,0,0,0,0,0,7,0,3,67,0.1,1,0,0,31,0,0,0
1.66922E+12,8,4,0,0.001568,1,0,7,12,4,0,0.1,1,0,36.7323,0,3,3,1
1.66922E+12,9.28571,7,0,0.01376,2,0,6,13.2857,7,0,0.1,2,0,33.9217,31,8,21,1
1.66922E+12,12,13,0,0.036096,4,0,6.66667,15.6,45,0,0.628288,13,0,29.6378,31,25,45,1
1.66922E+12,0,0,0,0,0,0,6.42857,15.9211,38,0,0.598624,11,0,28.6377,31,0,0,1
1.66922E+12,10.2377,122,0,0.216672,35,0,6.5,14.2444,45,0,0.346144,13,0,32.1745,31,223,300,1
1.66922E+12,6.76,25,0,0.008864,7,0,6.16667,12.1429,7,0,0.1,2,0,33.0586,31,21,21,1
1.66922E+12,8,4,0,0.001568,1,0,6,13.2857,7,0,0.1,2,0,35.7849,31,3,3,1
1.66922E+12,0,0,0,0,0,0,6,0,0,0,0,0,0,0,0,0,0,0
1.66922E+12,0,0,0,0,0,0,6,0,0,0,0,0,0,0,0,0,0,0
1.66922E+12,0,0,0,0,0,0,6,0,0,0,0,0,0,0,0,0,0,0
1.66922E+12,0,0,0,0,0,0,6.33333,14.4286,7,0,0.1,2,0,34.4187,31,0,0,1
1.66922E+12,10.0588,17,0,0.009824,5,0,6.33333,15.5,14,0,0.170112,4,0,30.8126,31,15,15,1
1.66922E+12,0,0,0,0,0,0,6.5,16,24,0,0.4152,7,0,29.4817,0,0,0,1
1.66922E+12,9.87143,70,0,0.133408,20,0,6.71429,15.0185,54,2490,0.629824,16,0,31.7245,31,204,186,1
1.66922E+12,9.41758,91,0,0.061696,23,0,7,13.1892,37,0,0.220064,11,0,34.1578,31,80,108,1
1.66922E+12,0,3,0,0.019744,4,0,6.83333,11.5714,7,0,0.1,2,0,35.9473,31,5,18,1
1.66922E+12,0,0,0,0,0,0,7,0,0,0,0,0,0,0,0,0,0,0
1.66922E+12,0,0,0,0,0,0,7,0,0,0,0,0,0,0,0,0,0,0
1.66922E+12,0,0,0,0,0,0,6.83333,0,0,0,0,0,0,0,0,0,0,0
1.66922E+12,0,0,0,0,0,0,6.83333,0,0,0,0,0,0,0,0,0,0,0
1.66922E+12,0,0,0,0,0,0,7,0,0,0,0,0,0,0,0,0,0,0
1.66922E+12,0,0,0,0,0,0,6.71429,0,0,0,0,0,0,0,0,0,0,0
1.66922E+12,0,0,0,0,0,0,6.66667,0,0,0,0,0,0,0,0,0,0,0
1.66922E+12,0,0,0,0,0,0,6.83333,0,0,0,0,0,0,0,0,0,0,0
1.66922E+12,0,3,0,0.002336,1,0,6.16667,13.2857,7,0,0.1,2,0,34.6292,31,3,3,1
1.66922E+12,0,0,0,0,0,0,6.14286,0,0,0,0,0,0,0,0,0,0,0
1.66922E+12,8,4,0,0.001568,1,0,6.33333,13.2857,7,0,0.1,2,0,34.2526,31,3,3,1
1.66922E+12,7,7,0,0.002624,2,0,5.16667,13.2857,7,0,0.1,2,0,32.928,31,6,6,1
1.66922E+12,0,0,0,0,0,0,5,0,0,0,0,0,0,0,0,0,0,0
1.66922E+12,0,0,0,0,0,0,5,0,0,0,0,0,0,0,0,0,0,0
1.66922E+12,4.42857,7,0,0.001664,2,0,5,13.2857,7,0,0.1,2,0,33.1135,31,6,6,1
1.66922E+12,0,3,0,0.001824,1,0,6.16667,12.1429,7,0,0.1,2,0,32.0841,31,3,3,1
1.66922E+12,9.52,25,0,0.012896,7,0,6,15.8158,38,0,0.577312,11,0,26.393,31,21,21,1
1.66922E+12,8.95122,41,0,0.02912,12,0,6,13.2857,14,0,0.1,4,0,32.1151,31,37,51,1
1.66922E+12,0,0,0,0,0,0,6.14286,0,0,0,0,0,0,0,0,0,0,0
1.66922E+12,0,0,0,0,0,0,6,0,0,0,0,0,0,0,0,0,0,0
1.66922E+12,0,0,0,0,0,0,6.16667,0,0,0,0,0,0,0,0,0,0,0
1.66922E+12,0,0,0,0,0,0,6.5,0,0,0,0,0,0,0,0,0,0,0
1.66922E+12,0,0,0,0,0,0,6.71429,0,0,0,0,0,0,0,0,0,0,0
1.66922E+12,0,0,0,0,0,0,6.33333,0,0,0,0,0,0,0,0,0,0,0
1.66922E+12,0,0,0,0,0,0,6.66667,0,0,0,0,0,0,0,0,0,0,0
1.66922E+12,12,4,0,0.002336,1,0,6.5,13.2857,7,0,0.1,2,0,33.3496,31,3,3,1
1.66922E+12,12,4,0,0.002336,1,0,6.57143,13.2857,7,0,0.1,2,0,32.6356,31,3,3,1
1.66922E+12,0,0,0,0,0,0,6,0,0,0,0,0,0,0,0,0,0,0
1.66922E+12,8,4,0,0.001568,1,0,6.33333,13.2857,7,0,0.1,2,0,33.2078,31,3,3,1
1.66922E+12,5.85714,7,0,0.002592,2,0,6.5,13.2857,7,0,0.1,2,0,34.0669,31,6,6,1
1.66922E+12,0,0,0,0,0,0,6.57143,0,0,0,0,0,0,0,0,0,0,0
1.66922E+12,0,0,0,0,0,0,6,0,0,0,0,0,0,0,0,0,0,0
1.66922E+12,8,4,0,0.001568,1,0,6,13.2857,7,0,0.1,2,0,35.5779,31,3,3,1
1.66922E+12,4.42857,7,0,0.001664,2,0,5.5,13.2857,7,0,0.1,2,0,35.3276,31,6,6,1
1.66922E+12,7,7,0,0.002624,2,0,5,13.2857,7,0,0.1,2,0,34.8982,31,6,6,1
1.66922E+12,0,0,0,0,0,0,5,0,0,0,0,0,0,0,0,0,0,0
1.66922E+12,0,0,0,0,0,0,4.5,0,0,0,0,0,0,0,0,0,0,0
1.66922E+12,4.42857,7,0,0.001664,2,0,4.5,13.2857,7,0,0.1,2,0,33.8874,31,6,6,1
1.66922E+12,4.42857,7,0,0.001664,2,0,5.33333,13.2857,7,0,0.1,2,0,34.0564,31,6,6,1
1.66922E+12,0,0,0,0,0,0,5.5,0,0,0,0,0,0,0,0,0,0,0
1.66922E+12,0,0,0,0,0,0,5.57143,0,0,0,0,0,0,0,0,0,0,0
1.66922E+12,0,0,0,0,0,0,5.66667,0,0,0,0,0,0,0,0,0,0,0
1.66922E+12,0,0,0,0,0,0,5.83333,0,0,0,0,0,0,0,0,0,0,0
1.66922E+12,0,0,0,0,0,0,5.83333,0,0,0,0,0,0,0,0,0,0,0
1.66922E+12,0,0,0,0,0,0,5.57143,0,0,0,0,0,0,0,0,0,0,0
1.66922E+12,0,0,0,0,0,0,5.5,0,0,0,0,0,0,0,0,0,0,0
1.66922E+12,0,0,0,0,0,0,5.33333,0,0,0,0,0,0,0,0,0,0,0
1.66922E+12,0,0,0,0,0,0,5,0,0,0,0,0,0,0,0,0,0,0
1.66922E+12,0,0,0,0,0,0,5.14286,0,0,0,0,0,0,0,0,0,0,0
1.66922E+12,0,0,0,0,0,0,5,0,0,0,0,0,0,0,0,0,0,0
1.66922E+12,0,0,0,0,0,0,5,0,0,0,0,0,0,0,0,0,0,0
1.66922E+12,0,0,0,0,0,0,5,0,0,0,0,0,0,0,0,0,0,0
1.66922E+12,0,0,0,0,0,0,5,0,0,0,0,0,0,0,0,0,0,0
1.66922E+12,0,0,0,0,0,0,5,0,0,0,0,0,0,0,0,0,0,0
1.66922E+12,7,7,0,0.002624,2,0,5,13.2857,7,0,0.1,2,0,33.5952,31,6,6,1
1.66922E+12,5.85714,7,0,0.002208,2,0,5,0,0,0,0,0,0,0,0,6,6,0
1.66922E+12,0,0,0,0,0,0,5.14286,0,0,0,0,0,0,0,0,0,0,0
1.66922E+12,0,0,0,0,0,0,5,0,0,0,0,0,0,0,0,0,0,0
1.66922E+12,0,0,0,0,0,0,5,0,0,0,0,0,0,0,0,0,0,0
1.66922E+12,4.42857,7,0,0.001664,2,0,5,13.2857,7,0,0.1,2,0,34.8047,31,6,6,1
1.66922E+12,0,0,0,0,0,0,5,0,0,0,0,0,0,0,0,0,0,0
1.66922E+12,0,0,0,0,0,0,5,0,0,0,0,0,0,0,0,0,0,0
1.66922E+12,0,0,0,0,0,0,4.83333,0,0,0,0,0,0,0,0,0,0,0
1.66922E+12,0,0,0,0,0,0,4.5,0,0,0,0,0,0,0,0,0,0,0
1.66922E+12,0,0,0,0,0,0,5,0,0,0,0,0,0,0,0,0,0,0
1.66922E+12,0,0,0,0,0,0,5,0,0,0,0,0,0,0,0,0,0,0
1.66922E+12,0,0,0,0,0,0,5,0,0,0,0,0,0,0,0,0,0,0
1.66922E+12,0,0,0,0,0,0,5,0,0,0,0,0,0,0,0,0,0,0
1.66922E+12,0,0,0,0,0,0,5,0,0,0,0,0,0,0,0,0,0,0
1.66922E+12,0,0,0,0,0,0,5,0,0,0,0,0,0,0,0,0,0,0
1.66922E+12,0,0,0,0,0,0,5,0,0,0,0,0,0,0,0,0,0,0
1.66922E+12,0,0,0,0,0,0,5.16667,0,0,0,0,0,0,0,0,0,0,0
1.66922E+12,0,0,0,0,0,0,5,0,0,0,0,0,0,0,0,0,0,0
1.66922E+12,0,0,0,0,0,0,5,0,0,0,0,0,0,0,0,0,0,0
1.66922E+12,0,0,0,0,0,0,4.83333,0,0,0,0,0,0,0,0,0,0,0
1.66922E+12,0,0,0,0,0,0,4.66667,0,0,0,0,0,0,0,0,0,0,0
1.66922E+12,0,0,0,0,0,0,4.14286,0,0,0,0,0,0,0,0,0,0,0
1.66922E+12,0,0,0,0,0,0,5,0,0,0,0,0,0,0,0,0,0,0
1.66922E+12,0,0,0,0,0,0,4.83333,0,0,0,0,0,0,0,0,0,0,0
1.66922E+12,4.57143,7,0,0.001728,2,0,4.5,13.2857,7,0,0.1,2,0,32.8288,31,6,6,1
1.66922E+12,0,0,0,0,0,0,4,12.1429,7,0,0.1,2,0,32.2239,31,0,0,1
1.66922E+12,0,0,0,0,0,0,4,12.1429,7,0,0.1,2,0,31.6225,31,0,0,1
1.66922E+12,5.24675,385,0,0.441824,102,0,4.16667,15.6392,97,0,1.31491,28,0,26.9727,31,1672,1191,1
1.66922E+12,4.80645,186,0,0.080832,61,0,4.14286,14.7385,65,0,0.696928,19,0,28.2762,31,179,243,1
1.66922E+12,5.47222,108,0,0.052128,31,0,4.33333,15.1458,48,0,0.621248,14,0,27.0206,31,105,144,1
1.66922E+12,4.82143,56,0,0.02064,16,0,4.16667,15.1556,45,0,0.609824,13,0,26.7037,31,56,69,1
1.66922E+12,4.42857,7,0,0.001664,2,0,4.83333,13.2857,7,0,0.1,2,0,33.3731,31,6,6,1
1.66922E+12,5.51923,52,0,0.026432,11,0,4.71429,12.3333,21,0,0.1,6,0,32.1535,31,52,75,1
1.66922E+12,6.88043,92,0,0.066976,30,0,5,14.9714,70,0,0.786368,20,0,27.2443,31,98,141,1
1.66922E+12,5.75,60,0,0.077824,17,0,4.83333,15.6,45,0,0.599392,13,0,26.4993,31,142,171,1
1.66922E+12,6.29775,178,74,0.295008,43,0,4.5,12.7143,14,0,0.1,4,0,31.8332,31,682,708,1
1.66922E+12,5.52381,168,0,0.24592,56,0,4.42857,12.4286,14,0,0.1,4,0,31.5497,31,608,549,1
1.66922E+12,5.55333,150,21,0.107712,35,0,4.33333,15.5208,96,0,1.3161,28,0,25.8505,31,209,294,1
1.66922E+12,4.57143,7,0,0.001728,2,0,4,13.2857,7,0,0.1,2,0,32.5161,31,6,6,1
1.66922E+12,12,7,0,0.004672,2,0,9,12.1429,7,0,0.1,2,0,34.9672,31,6,6,1
1.66922E+12,0,0,0,0,0,0,9,12.1429,7,0,0.1,2,0,35.3283,31,0,0,1
1.66922E+12,0,0,0,0,0,0,8.83333,0,0,0,0,0,0,0,0,0,0,0
1.66922E+12,0,0,0,0,0,0,9,0,0,0,0,0,0,0,0,0,0,0
1.66922E+12,8,4,0,0.001568,1,0,9,13.2857,7,0,0.1,2,0,35.4397,31,3,3,1
1.66922E+12,7.14286,7,0,0.002592,2,0,6,12.1429,7,0,0.1,2,0,35.3276,31,6,6,1
1.66922E+12,0,0,0,0,0,0,6,0,0,0,0,0,0,0,0,0,0,0
1.66922E+12,0,0,0,0,0,0,6,0,0,0,0,0,0,0,0,0,0,0
1.66922E+12,0,0,0,0,0,0,6,0,0,0,0,0,0,0,0,0,0,0
1.66922E+12,0,0,0,0,0,0,6,0,0,0,0,0,0,0,0,0,0,0
1.66922E+12,0,0,0,0,0,0,6,0,0,0,0,0,0,0,0,0,0,0
1.66922E+12,0,0,0,0,0,0,6.14286,0,0,0,0,0,0,0,0,0,0,0
1.66922E+12,8,4,0,0.001568,1,0,6,13.2857,7,0,0.1,2,0,35.4425,31,3,3,1
1.66922E+12,0,0,0,0,0,0,6,0,0,0,0,0,0,0,0,0,0,0
1.66922E+12,0,0,0,0,0,0,6.16667,0,0,0,0,0,0,0,0,0,0,0
1.66922E+12,0,0,0,0,0,0,6,0,0,0,0,0,0,0,0,0,0,0
1.66922E+12,8.8,10,0,0.005152,3,0,6,14.4286,7,0,0.1,2,0,34.086,31,9,9,1
1.66922E+12,0,0,0,0,0,0,6.16667,12.1429,7,0,0.1,2,0,33.5072,31,0,0,1
1.66922E+12,9.76923,26,6015,0.013984,3,0,6,15.2444,45,0,0.597088,13,0,29.4939,31,207,96,1
1.66922E+12,10.4231,182,0,0.446784,54,0,6.16667,14.519,79,2490,0.725728,23,0,30.9327,31,833,633,1
1.66922E+12,9.47899,119,0,0.273696,36,0,6.16667,15.6915,94,0,1.38032,27,0,28.4727,31,351,384,1
1.66922E+12,11.2471,437,14824,1.37558,117,0,6.83333,13.3571,42,0,0.10176,12,0,33.7646,31,4550,1995,1
1.66922E+12,10.8532,647,0,2.42294,193,0,6.14286,15.1538,52,0,0.606016,15,0,29.5251,31,8882,3303,1
1.66922E+12,9.18182,11,0,0.005408,3,0,6.5,15.4222,45,0,0.596704,13,0,28.8918,31,9,9,1
1.66922E+12,10.9775,89,0,0.217792,25,0,7,15.4909,55,0,0.699744,16,0,28.8602,31,263,282,1
1.66922E+12,11.4286,7,0,0.017216,2,0,6.5,11.5714,7,0,0.1,2,0,35.4221,31,10,24,1
1.66922E+12,0,0,0,0,0,0,6.85714,0,0,0,0,0,0,0,0,0,0,0
1.66922E+12,0,0,0,0,0,0,6.66667,0,0,0,0,0,0,0,0,0,0,0
1.66922E+12,0,0,0,0,0,0,6.5,0,0,0,0,0,0,0,0,0,0,0
1.66922E+12,0,0,0,0,0,0,6.66667,0,0,0,0,0,0,0,0,0,0,0
1.66922E+12,0,0,0,0,0,0,6.57143,12.1429,7,0,0.1,2,0,33.5909,31,0,0,1
1.66922E+12,9.7,20,0,0.010912,6,0,6.33333,15.2444,45,0,0.597088,13,0,28.4226,31,18,18,1
1.66922E+12,0,0,0,0,0,0,6,0,0,0,0,0,0,0,0,0,0,0
1.66922E+12,0,0,0,0,0,0,6,0,0,0,0,0,0,0,0,0,0,0
1.66922E+12,0,0,0,0,0,0,6,0,0,0,0,0,0,0,0,0,0,0
1.66922E+12,0,0,0,0,0,0,6,0,0,0,0,0,0,0,0,0,0,0
1.66922E+12,5.85714,7,0,0.002592,2,0,6.5,12.1429,7,0,0.1,2,0,32.3925,31,6,6,1
1.66922E+12,0,0,0,0,0,0,6.33333,0,0,0,0,0,0,0,0,0,0,0
1.66922E+12,10.5306,49,0,0.16992,14,0,6.14286,13.8571,7,0,0.1,2,0,32.5981,31,319,252,1
1.66922E+12,9,4,0,0.001824,1,0,6.5,13.2857,7,0,0.1,2,0,30.8978,0,3,3,1
1.66922E+12,0,0,0,0,0,0,6.5,0,0,0,0,0,0,0,0,0,0,0
1.66922E+12,0,0,0,0,0,0,6.33333,0,0,0,0,0,0,0,0,0,0,0
1.66922E+12,0,0,0,0,0,0,6.57143,0,0,0,0,0,0,0,0,0,0,0
1.66922E+12,8,4,0,0.001568,1,0,6.66667,13.2857,7,0,0.1,2,0,32.2107,31,3,3,1
1.66922E+12,0,6,0,0.011968,2,0,6.66667,15.8158,38,0,0.590944,11,0,26.187,31,7,21,1
1.66922E+12,12,4,0,0.002336,1,0,8.5,12.7143,14,0,0.1,4,0,31.0108,31,3,3,1
1.66922E+12,11.9,10,0,0.007264,3,0,8.14286,12.1429,7,0,0.1,2,0,31.2983,31,9,9,1
1.66922E+12,0,0,0,0,0,0,8.33333,0,0,0,0,0,0,0,0,0,0,0
1.66922E+12,10,8,0,0.00384,2,0,8.5,15.8158,38,0,0.577312,11,0,24.4482,31,6,6,1
1.66922E+12,0,0,0,0,0,0,8.5,0,0,0,0,0,0,0,0,0,0,0
1.66922E+12,16.8205,39,0,0.214432,11,0,8.42857,14.1,20,0,0.1,6,0,30.4588,31,162,159,1
1.66922E+12,8,4,0,0.001568,1,0,8.33333,13.8,10,0,0.1,3,0,30.6537,31,3,3,1
1.66922E+12,7.81818,11,0,0.005376,3,0,8,15.0769,13,0,0.146368,4,0,25.5362,31,9,9,1
1.66922E+12,11.1429,7,0,0.0176,2,0,8,11.5714,7,0,0.1,2,0,30.7926,31,10,24,1
1.66922E+12,0,0,0,0,0,0,9,0,3,0,0.1,1,0,0,31,0,0,0
1.66922E+12,8.21429,14,0,0.006816,4,0,7,13.2857,7,0,0.1,2,0,28.9261,31,12,12,1
1.66922E+12,0,0,0,0,0,0,7,0,0,0,0,0,0,0,0,0,0,0
1.66922E+12,0,0,0,0,0,0,7,0,0,0,0,0,0,0,0,0,0,0
1.66922E+12,0,0,0,0,0,0,7,0,0,0,0,0,0,0,0,0,0,0
1.66922E+12,0,0,0,0,0,0,7,0,0,0,0,0,0,0,0,0,0,0
1.66922E+12,0,0,0,0,0,0,7.33333,0,0,0,0,0,0,0,0,0,0,0
1.66922E+12,0,0,0,0,0,0,7,0,0,0,0,0,0,0,0,0,0,0
1.66922E+12,12,8,0,0.004672,2,0,7.42857,12.1429,14,0,0.1,4,0,31.3538,31,6,6,1
1.66922E+12,0,0,0,0,0,0,7.16667,0,0,0,0,0,0,0,0,0,0,0
1.66922E+12,0,0,0,0,0,0,7,0,0,0,0,0,0,0,0,0,0,0
1.66922E+12,0,0,0,0,0,0,7,0,0,0,0,0,0,0,0,0,0,0
1.66922E+12,0,0,0,0,0,0,7,0,0,0,0,0,0,0,0,0,0,0
1.66922E+12,0,0,0,0,0,0,7,12.1429,7,0,0.1,2,0,29.9989,31,0,0,1
1.66922E+12,10.5455,11,0,0.0184,3,0,7,14.9524,21,0,0.21168,6,0,26.5712,31,11,24,1
1.66922E+12,10.9187,209,0,0.492352,59,0,6.83333,15.5633,158,0,2.31264,46,0,24.0299,31,637,648,1
1.66922E+12,10.8095,21,0,0.023104,6,0,7,11.5714,7,0,0.1,2,0,31.4138,31,22,33,1
1.66922E+12,9.28571,7,0,0.003584,2,0,6.5,0,0,0,0,0,0,0,0,6,6,0
1.66922E+12,5.85714,7,0,0.002592,2,0,6.5,12.1429,7,0,0.1,2,0,28.3265,31,6,6,1
1.66922E+12,0,0,0,0,0,0,6.33333,0,3,0,0.1,1,0,0,31,0,0,0
1.66922E+12,12,11,0,0.007008,3,0,7,13,14,0,0.1,4,0,31.7789,31,9,9,1
1.66922E+12,12,7,0,0.004672,2,0,8.14286,12.1429,14,0,0.1,4,0,31.7864,31,6,6,1
1.66922E+12,12,4,0,0.002336,1,0,7,13.2857,7,0,0.1,2,0,29.7145,31,3,3,1
1.66922E+12,6.28571,7,0,0.00224,2,0,6.42857,0,0,0,0,0,0,0,0,6,6,0
1.66922E+12,4.42857,7,0,0.001664,2,0,5,13.2857,7,0,0.1,2,0,35.0779,31,6,6,1
1.66922E+12,0,0,0,0,0,0,5,0,0,0,0,0,0,0,0,0,0,0
1.66922E+12,0,0,0,0,0,0,5,0,0,0,0,0,0,0,0,0,0,0
1.66922E+12,0,0,0,0,0,0,5.14286,0,0,0,0,0,0,0,0,0,0,0
1.66922E+12,0,0,0,0,0,0,5.33333,0,0,0,0,0,0,0,0,0,0,0
1.66922E+12,0,0,0,0,0,0,5.33333,0,0,0,0,0,0,0,0,0,0,0
1.66922E+12,0,0,0,0,0,0,6,0,0,0,0,0,0,0,0,0,0,0
1.66922E+12,0,0,0,0,0,0,5.71429,0,0,0,0,0,0,0,0,0,0,0
1.66922E+12,0,0,0,0,0,0,5,0,0,0,0,0,0,0,0,0,0,0
1.66922E+12,0,0,0,0,0,0,5,0,0,0,0,0,0,0,0,0,0,0
1.66922E+12,7.14286,7,0,0.002592,2,0,5.16667,12.1429,7,0,0.1,2,0,35.4116,31,6,6,1
1.66922E+12,0,0,0,0,0,0,5.14286,0,0,0,0,0,0,0,0,0,0,0
1.66922E+12,0,0,0,0,0,0,5.16667,0,0,0,0,0,0,0,0,0,0,0
1.66922E+12,0,0,0,0,0,0,5.33333,0,0,0,0,0,0,0,0,0,0,0
1.66922E+12,0,0,0,0,0,0,5.5,0,0,0,0,0,0,0,0,0,0,0
1.66922E+12,0,0,0,0,0,0,5.57143,0,0,0,0,0,0,0,0,0,0,0
1.66922E+12,5.42857,14,0,0.025536,4,0,5.66667,11.5714,7,0,0.1,2,0,35.7355,31,22,57,1
1.66922E+12,9.28571,7,0,0.003584,2,0,5.83333,15.8158,38,0,0.585312,11,0,29.4779,31,6,6,1
1.66922E+12,6.35821,67,0,0.061184,19,0,5.5,14.4615,13,0,0.1,4,0,34.1432,31,87,135,1
1.66922E+12,0,0,0,0,0,0,6,0,0,0,0,0,0,0,0,0,0,0
1.66922E+12,8,4,0,0.001568,1,0,5.5,13.2857,7,0,0.1,2,0,35.4886,31,3,3,1
1.66922E+12,9.04762,21,0,0.010272,6,0,6,13.2857,14,0,0.1,4,0,34.1931,31,18,18,1
1.66922E+12,0,0,0,0,0,0,6.5,0,0,0,0,0,0,0,0,0,0,0
1.66922E+12,6.71429,7,0,0.002368,2,0,6.66667,13.2857,14,0,0.1,4,0,34.4305,31,6,6,1
1.66922E+12,8.8,10,0,0.005152,3,0,5.66667,14.4286,7,0,0.1,2,0,32.7206,31,9,9,1
1.66922E+12,4.42857,7,0,0.001312,1,0,5,13.2857,7,0,0.1,2,0,35.5142,31,6,6,1
1.66922E+12,0,0,0,0.000352,1,0,4.83333,0,0,0,0,0,0,0,0,0,0,0
1.66922E+12,5,7,0,0.001792,2,0,4,0,0,0,0,0,0,0,0,6,6,0
1.66922E+12,4.57143,7,0,0.001728,2,0,4,13.2857,7,0,0.1,2,0,34.5075,31,6,6,1
1.66922E+12,4.42857,7,0,0.001664,2,0,4.5,13.2857,7,0,0.1,2,0,34.4252,31,6,6,1
1.66922E+12,5.77778,18,0,0.0056,5,0,5.16667,13.2857,7,0,0.1,2,0,32.7864,31,15,15,1
1.66922E+12,4.81818,11,0,0.002976,3,0,5.16667,11.5714,7,0,0.1,2,0,33.2803,31,9,9,1
1.66922E+12,0,3,0,0.001024,1,0,0.1,0.1,4,0,0.1,1,0,31.2252,0,0,3,1
1.66922E+12,1.14286,7,0,0.0008,2,0,0.1,10.4286,7,0,0.1,2,0,35.0594,31,0,6,1
1.66922E+12,3.25,16,0,0.00368,4,0,5.5,11.4286,28,0,0.1,8,0,36.2049,31,0,15,1
1.66922E+12,0,0,0,0,0,0,5.66667,12.1429,7,0,0.1,2,0,35.8085,31,0,0,1
1.66922E+12,0,0,0,0,0,0,5.85714,0,0,0,0,0,0,0,0,0,0,0
1.66922E+12,7,4,0,0.002848,1,0,5.83333,12.1429,7,0,0.1,2,0,35.9022,31,0,6,1
1.66922E+12,7.14966,147,0,0.293312,34,0,5.5,15.4578,83,0,1.1735,24,0,31.2324,31,0,717,1
1.66922E+12,10.1714,70,0,0.244672,28,0,5.66667,11.5714,7,0,0.1,2,0,35.8022,0,482,270,1
1.66922E+12,0,0,0,0,0,0,4.71429,0,3,0,0.1,1,0,0,31,0,0,0
1.66922E+12,0,0,0,0,0,0,5,0,0,0,0,0,0,0,0,0,0,0
1.66922E+12,4.42857,7,0,0.001664,2,0,5,13.2857,7,0,0.1,2,0,35.2023,31,6,6,1
1.66922E+12,4.42857,7,0,0.001664,2,0,5,13.2857,7,0,0.1,2,0,35.5655,31,6,6,1
1.66922E+12,4.42857,7,0,0.001664,2,0,5,13.2857,7,0,0.1,2,0,35.2798,31,6,6,1
1.66922E+12,4.42857,7,0,0.001664,2,0,4.83333,13.2857,7,0,0.1,2,0,34.9155,31,6,6,1
1.66922E+12,0,0,0,0,0,0,5.83333,15.8205,39,0,0.568096,11,0,27.3833,31,0,0,1
1.66922E+12,3.57143,7,0,0.001664,2,0,4.66667,13.7143,7,0,0.1,2,0,33.0957,31,6,6,1
1.66922E+12,3.57143,7,0,0.001664,2,0,5,13.7143,7,0,0.1,2,0,35.7261,31,6,6,1
1.66922E+12,3.57143,7,0,0.001664,2,0,5,13.7143,7,0,0.1,2,0,35.1595,31,6,6,1
1.66922E+12,4.42857,7,0,0.001728,2,0,4.57143,13.7143,7,0,0.1,2,0,35.1235,31,6,6,1
1.66922E+12,3.57143,7,0,0.001664,2,0,4.42857,13.7143,7,0,0.1,2,0,34.3891,31,6,6,1
1.66922E+12,0,3,0,0.001568,1,0,7.16667,13.7143,7,0,0.1,2,0,36.0274,31,3,3,1
1.66922E+12,7.9,10,0,0.004992,3,0,7.66667,13.7143,7,0,0.1,2,0,35.8123,31,9,9,1
1.66922E+12,9,4,0,0.001824,1,0,8.33333,11.5714,7,0,0.1,2,0,36.3416,31,3,3,1
1.66922E+12,0,0,0,0,0,0,8.33333,0,0,0,0,0,0,0,0,0,0,0
1.66922E+12,0,0,0,0,0,0,8,0,0,0,0,0,0,0,0,0,0,0
1.66922E+12,0,0,0,0,0,0,8.14286,0,0,0,0,0,0,0,0,0,0,0
1.66922E+12,0,0,0,0,0,0,8,0,0,0,0,0,0,0,0,0,0,0
1.66922E+12,10.3333,18,0,0.01088,5,0,8,15.2444,45,0,0.587872,13,0,32.7023,31,15,15,1
1.66922E+12,11.5952,42,0,0.029504,12,0,8,13.7,20,0,0.1,6,0,36.0538,31,36,36,1
1.66922E+12,0,3,0,0.001824,1,0,8,13.6923,13,0,0.1,4,0,35.9804,31,3,3,1
1.66922E+12,9,4,0,0.001824,1,0,8.16667,13.2857,7,0,0.1,2,0,35.37,31,3,3,1
1.66922E+12,0,0,0,0,0,0,8.5,0,0,0,0,0,0,0,0,0,0,0
1.66922E+12,0,0,0,0,0,0,8.66667,0,0,0,0,0,0,0,0,0,0,0
1.66922E+12,0,0,0,0,0,0,8.28571,0,0,0,0,0,0,0,0,0,0,0
1.66922E+12,8,4,0,0.001568,1,0,8.33333,13.2857,7,0,0.1,2,0,36.9009,31,3,3,1
